Point,X(Minutes),Y(Counts),Analyte
0,0.04,0,7mer
1,0.06,0,7mer
2,0.07,0,7mer
3,0.09,0,7mer
4,0.11,9,7mer
5,0.12,0,7mer
6,0.14,1,7mer
7,0.16,0.795983553,7mer
8,0.17,0.422683865,7mer
9,0.19,0.21861957,7mer
10,0.21,0.165055349,7mer
11,0.22,0.21248658,7mer
12,0.24,0.304054588,7mer
13,0.26,0.388874203,7mer
14,0.27,0.426275879,7mer
15,0.29,0.41374141,7mer
16,0.31,0.373329014,7mer
17,0.32,0.332723022,7mer
18,0.34,0.312992364,7mer
19,0.36,0.325717479,7mer
20,0.37,0.362402081,7mer
21,0.39,0.388874203,7mer
22,0.4,0.368748724,7mer
23,0.42,0.295775712,7mer
24,0.44,0.202455714,7mer
25,0.45,0.138762057,7mer
26,0.47,0.137172848,7mer
27,0.49,0.218060046,7mer
28,0.5,0.395622998,7mer
29,0.52,0.673697054,7mer
30,0.54,1.012521505,7mer
31,0.55,1.298190475,7mer
32,0.57,1.430903435,7mer
33,0.59,1.403677225,7mer
34,0.6,1.513889194,7mer
35,0.62,2.273261786,7mer
36,0.64,4.127905369,7mer
37,0.65,6.9414711,7mer
38,0.67,9.800778389,7mer
39,0.69,11.49920273,7mer
40,0.7,11.5307188,7mer
41,0.72,10.44287682,7mer
42,0.74,9.050206184,7mer
43,0.75,7.604342937,7mer
44,0.77,5.927900314,7mer
45,0.79,4.061886787,7mer
46,0.8,2.397269964,7mer
47,0.82,1.263776183,7mer
48,0.84,0.696328104,7mer
49,0.85,0.463995576,7mer
50,0.87,0.3685202,7mer
51,0.89,0.310055315,7mer
52,0.9,0.283505261,7mer
53,0.92,0.284488648,7mer
54,0.94,0.318915159,7mer
55,0.95,0.388616025,7mer
56,0.97,0.48592332,7mer
57,0.99,0.57477051,7mer
58,1,0.595740497,7mer
59,1.02,0.516422987,7mer
60,1.04,0.365309596,7mer
61,1.05,0.208643526,7mer
62,1.07,0.203079492,7mer
63,1.09,0.48959589,7mer
64,1.1,1.549294114,7mer
65,1.12,4.177788258,7mer
66,1.14,9.074947357,7mer
67,1.15,15.80040073,7mer
68,1.17,22.03750801,7mer
69,1.18,24.62222481,7mer
70,1.2,22.03750801,7mer
71,1.22,15.80040073,7mer
72,1.23,9.074947357,7mer
73,1.25,4.175327301,7mer
74,1.27,1.53888905,7mer
75,1.28,0.454354167,7mer
76,1.3,0.107461311,7mer
77,1.32,0.031171983,7mer
78,1.33,0.131797388,7mer
79,1.35,0.446395308,7mer
80,1.37,1.21116364,7mer
81,1.38,2.632427454,7mer
82,1.4,4.583322048,7mer
83,1.42,6.392559528,7mer
84,1.43,7.142324924,7mer
85,1.45,6.392559528,7mer
86,1.47,4.583322048,7mer
87,1.48,2.632427454,7mer
88,1.5,1.21116364,7mer
89,1.52,0.446395308,7mer
90,1.53,0.131797388,7mer
91,1.55,0.031171983,7mer
92,1.57,0.000820315,7mer
93,1.58,0.003468352,7mer
94,1.6,0.011747245,7mer
95,1.62,0.031872727,7mer
96,1.63,0.077477559,7mer
97,1.65,0.155297264,7mer
98,1.67,0.285697699,7mer
99,1.68,0.50750351,7mer
100,1.7,0.86443764,7mer
101,1.72,1.338498473,7mer
102,1.73,1.783399701,7mer
103,1.75,1.980706334,7mer
104,1.77,1.81543386,7mer
105,1.78,1.381299376,7mer
106,1.8,0.893267512,7mer
107,1.82,0.518825233,7mer
108,1.83,0.30736059,7mer
109,1.85,0.225391984,7mer
110,1.87,0.211769491,7mer
111,1.88,0.211450398,7mer
112,1.9,0.203566328,7mer
113,1.92,0.190708458,7mer
114,1.93,0.189888149,7mer
115,1.95,0.200097978,7mer
116,1.96,0.205445364,7mer
117,1.98,0.19597207,7mer
118,2,0.203664765,7mer
119,2.01,0.292383492,7mer
120,2.03,0.516793549,7mer
121,2.05,0.859324694,7mer
122,2.06,1.194918513,7mer
123,2.08,1.363500714,7mer
124,2.1,1.305067658,7mer
125,2.11,1.1213938,7mer
126,2.13,0.968196154,7mer
127,2.15,0.899478436,7mer
128,2.16,0.845801592,7mer
129,2.18,0.729052186,7mer
130,2.2,0.557471573,7mer
131,2.21,0.397711366,7mer
132,2.23,0.295716166,7mer
133,2.25,0.234944895,7mer
134,2.26,0.182098672,7mer
135,2.28,0.124715321,7mer
136,2.3,0.07274276,7mer
137,2.31,0.067409113,7mer
138,2.33,0.144202188,7mer
139,2.35,0.414233178,7mer
140,2.36,1.050031781,7mer
141,2.38,2.192398548,7mer
142,2.4,3.729374409,7mer
143,2.41,5.147904873,7mer
144,2.43,5.761223316,7mer
145,2.45,5.257153511,7mer
146,2.46,3.981584787,7mer
147,2.48,2.708719254,7mer
148,2.5,2.142654181,7mer
149,2.51,2.613838673,7mer
150,2.53,3.979091406,7mer
151,2.55,5.599791527,7mer
152,2.56,6.564591408,7mer
153,2.58,6.277435303,7mer
154,2.6,4.866641521,7mer
155,2.61,3.073376894,7mer
156,2.63,1.621266961,7mer
157,2.65,0.856551826,7mer
158,2.66,0.793926239,7mer
159,2.68,1.348705411,7mer
160,2.7,2.342435122,7mer
161,2.71,3.532076359,7mer
162,2.73,4.683279991,7mer
163,2.74,5.766526222,7mer
164,2.76,6.908820629,7mer
165,2.78,8.017102242,7mer
166,2.79,8.668213844,7mer
167,2.81,8.480000496,7mer
168,2.83,7.460724831,7mer
169,2.84,5.917535782,7mer
170,2.86,4.19621706,7mer
171,2.88,2.606615067,7mer
172,2.89,1.377430797,7mer
173,2.91,0.605888426,7mer
174,2.93,0.21655938,7mer
175,2.94,0.077645943,7mer
176,2.96,0.058385648,7mer
177,2.98,0.10114713,7mer
178,2.99,0.189888149,7mer
179,3.01,0.288839012,7mer
180,3.03,0.356181175,7mer
181,3.04,0.356181175,7mer
182,3.06,0.288839012,7mer
183,3.08,0.189888149,7mer
184,3.09,0.10114713,7mer
185,3.11,0.043619972,7mer
186,3.13,0.015215597,7mer
187,3.14,0.004288668,7mer
188,3.16,0.000820315,7mer
189,3.18,0,7mer
190,3.19,0,7mer
191,3.21,0,7mer
192,3.23,0,7mer
193,3.24,0,7mer
194,3.26,0.004101577,7mer
195,3.28,0.018162077,7mer
196,3.29,0.062204577,7mer
197,3.31,0.171110868,7mer
198,3.33,0.378244758,7mer
199,3.34,0.672343135,7mer
200,3.36,0.961740017,7mer
201,3.38,1.108004808,7mer
202,3.39,1.029082179,7mer
203,3.41,0.772114277,7mer
204,3.43,0.471274436,7mer
205,3.44,0.243853629,7mer
206,3.46,0.134228915,7mer
207,3.48,0.130236134,7mer
208,3.49,0.197458073,7mer
209,3.51,0.289659321,7mer
210,3.52,0.356181175,7mer
211,3.54,0.356181175,7mer
212,3.56,0.347901702,7mer
213,3.57,0.465039313,7mer
214,3.59,1.054467678,7mer
215,3.61,2.702620745,7mer
216,3.62,5.991847515,7mer
217,3.64,10.83945274,7mer
218,3.66,15.86381245,7mer
219,3.67,18.77968216,7mer
220,3.69,18.00812531,7mer
221,3.71,14.01978588,7mer
222,3.72,8.895008087,7mer
223,3.74,4.630298615,7mer
224,3.76,2.002081394,7mer
225,3.77,0.734499693,7mer
226,3.79,0.235856041,7mer
227,3.81,0.05894313,7mer
228,3.82,0.018683949,7mer
229,3.84,0.026962841,7mer
230,3.86,0.06456577,7mer
231,3.87,0.138548806,7mer
232,3.89,0.241227493,7mer
233,3.91,0.338091135,7mer
234,3.92,0.382848531,7mer
235,3.94,0.359944999,7mer
236,3.96,0.305793256,7mer
237,3.97,0.280565977,7mer
238,3.99,0.316720188,7mer
239,4.01,0.391817719,7mer
240,4.02,0.452122927,7mer
241,4.04,0.458704889,7mer
242,4.06,0.409452736,7mer
243,4.07,0.326504737,7mer
244,4.09,0.231970713,7mer
245,4.11,0.145748869,7mer
246,4.12,0.083968133,7mer
247,4.14,0.060476199,7mer
248,4.16,0.087239943,7mer
249,4.17,0.17388989,7mer
250,4.19,0.311322212,7mer
251,4.21,0.47265026,7mer
252,4.22,0.610035777,7mer
253,4.24,0.748424411,7mer
254,4.26,1.01932323,7mer
255,4.27,1.590591788,7mer
256,4.29,2.468301058,7mer
257,4.3,3.35279417,7mer
258,4.32,3.779734373,7mer
259,4.34,3.490227938,7mer
260,4.35,2.650303364,7mer
261,4.37,1.679331541,7mer
262,4.39,0.917915285,7mer
263,4.4,0.476831257,7mer
264,4.42,0.305594623,7mer
265,4.44,0.300433457,7mer
266,4.45,0.351666123,7mer
267,4.47,0.380200505,7mer
268,4.49,0.337270826,7mer
269,4.5,0.242047802,7mer
270,4.52,0.152681261,7mer
271,4.54,0.120581277,7mer
272,4.55,0.208081394,7mer
273,4.57,0.490556538,7mer
274,4.59,1.022821665,7mer
275,4.6,1.737024188,7mer
276,4.62,2.379172802,7mer
277,4.64,2.626867771,7mer
278,4.65,2.351161957,7mer
279,4.67,1.738400221,7mer
280,4.69,1.137914181,7mer
281,4.7,0.780830383,7mer
282,4.72,0.73638165,7mer
283,4.74,1.011140227,7mer
284,4.75,1.630745292,7mer
285,4.77,2.528115749,7mer
286,4.79,3.417158842,7mer
287,4.8,3.876274824,7mer
288,4.82,3.702190399,7mer
289,4.84,3.086876392,7mer
290,4.85,2.43649745,7mer
291,4.87,2.039775133,7mer
292,4.89,1.948751688,7mer
293,4.9,2.049812078,7mer
294,4.92,2.146758556,7mer
295,4.94,2.040331602,7mer
296,4.95,1.666711569,7mer
297,4.97,1.129079461,7mer
298,4.99,1.444776416,7mer
299,5,6.324028015,7mer
300,5.02,24.79671669,7mer
301,5.04,78.9789505,7mer
302,5.07,206.6348572,7mer
303,5.08,447.6044006,7mer
304,5.1,809.0515137,7mer
305,5.12,1235.776489,7mer
306,5.13,1623.635376,7mer
307,5.15,1881.740967,7mer
308,5.17,1991.80188,7mer
309,5.18,2004.979126,7mer
310,5.2,1991.659668,7mer
311,5.22,1997.039795,7mer
312,5.23,2031.415161,7mer
313,5.25,2086.885254,7mer
314,5.27,2153.085938,7mer
315,5.29,2222.06958,7mer
316,5.31,2282.753662,7mer
317,5.32,2325.296875,7mer
318,5.34,2351.016113,7mer
319,5.36,2362.310059,7mer
320,5.38,2346.427734,7mer
321,5.4,2284.239258,7mer
322,5.41,2169.984131,7mer
323,5.43,2018.178223,7mer
324,5.45,1860.233398,7mer
325,5.46,1733.741333,7mer
326,5.48,1669.244629,7mer
327,5.5,1672.025269,7mer
328,5.51,1718.241577,7mer
329,5.53,1777.488037,7mer
330,5.55,1838.5802,7mer
331,5.56,1910.19519,7mer
332,5.58,1988.790771,7mer
333,5.6,2035.98645,7mer
334,5.61,2002.142578,7mer
335,5.63,1873.760986,7mer
336,5.65,1693.127441,7mer
337,5.66,1537.515869,7mer
338,5.68,1465.672241,7mer
339,5.7,1479.745728,7mer
340,5.71,1534.498657,7mer
341,5.73,1579.500854,7mer
342,5.75,1597.623047,7mer
343,5.76,1601.785645,7mer
344,5.78,1606.167969,7mer
345,5.8,1608.796753,7mer
346,5.81,1597.271606,7mer
347,5.83,1562.886353,7mer
348,5.84,1505.081909,7mer
349,5.86,1432.48999,7mer
350,5.88,1362.643188,7mer
351,5.89,1317.066772,7mer
352,5.91,1310.615723,7mer
353,5.93,1343.135742,7mer
354,5.94,1399.445557,7mer
355,5.96,1456.824341,7mer
356,5.98,1497.029053,7mer
357,6,1519.591797,7mer
358,6.02,1540.41626,7mer
359,6.03,1574.702026,7mer
360,6.05,1613.717651,7mer
361,6.07,1634.067261,7mer
362,6.08,1621.941162,7mer
363,6.1,1589.764648,7mer
364,6.12,1564.327148,7mer
365,6.13,1568.325806,7mer
366,6.15,1608.36853,7mer
367,6.17,1664.604248,7mer
368,6.18,1700.330444,7mer
369,6.2,1685.450317,7mer
370,6.22,1622.907227,7mer
371,6.23,1540.86731,7mer
372,6.25,1465.345703,7mer
373,6.27,1408.012695,7mer
374,6.28,1372.053833,7mer
375,6.3,1362.807373,7mer
376,6.32,1386.408691,7mer
377,6.33,1446.531738,7mer
378,6.35,1532.966553,7mer
379,6.37,1616.25769,7mer
380,6.38,1652.654663,7mer
381,6.4,1609.728516,7mer
382,6.42,1502.971924,7mer
383,6.43,1395.526367,7mer
384,6.45,1356.849121,7mer
385,6.47,1409.651245,7mer
386,6.48,1522.364014,7mer
387,6.5,1643.554321,7mer
388,6.52,1736.951538,7mer
389,6.53,1782.32959,7mer
390,6.55,1767.17395,7mer
391,6.57,1689.562866,7mer
392,6.58,1571.48584,7mer
393,6.6,1459.236938,7mer
394,6.62,1398.317261,7mer
395,6.63,1402.580811,7mer
396,6.65,1452.176147,7mer
397,6.67,1509.51416,7mer
398,6.68,1548.311157,7mer
399,6.7,1564.19873,7mer
400,6.71,1570.473755,7mer
401,6.73,1581.768188,7mer
402,6.75,1597.429199,7mer
403,6.76,1600.637573,7mer
404,6.78,1572.279541,7mer
405,6.8,1508.962402,7mer
406,6.81,1432.77478,7mer
407,6.83,1379.710938,7mer
408,6.85,1372.807373,7mer
409,6.86,1404.869141,7mer
410,6.88,1448.031982,7mer
411,6.9,1474.928467,7mer
412,6.91,1479.877563,7mer
413,6.93,1476.687744,7mer
414,6.95,1484.690674,7mer
415,6.96,1509.908325,7mer
416,6.98,1543.215454,7mer
417,7,1570.172607,7mer
418,7.01,1582.555908,7mer
419,7.03,1575.660156,7mer
420,7.05,1548.664307,7mer
421,7.06,1510.64917,7mer
422,7.08,1481.860352,7mer
423,7.1,1477.55481,7mer
424,7.11,1489.158447,7mer
425,7.13,1490.512695,7mer
426,7.15,1469.074463,7mer
427,7.16,1440.430664,7mer
428,7.18,1427.175903,7mer
429,7.2,1429.9104,7mer
430,7.21,1423.929443,7mer
431,7.23,1380.656738,7mer
432,7.25,1296.200928,7mer
433,7.26,1201.0354,7mer
434,7.28,1143.959595,7mer
435,7.3,1154.056274,7mer
436,7.31,1221.658569,7mer
437,7.33,1307.437988,7mer
438,7.35,1374.617432,7mer
439,7.36,1412.074707,7mer
440,7.38,1432.694946,7mer
441,7.4,1454.048096,7mer
442,7.41,1483.764893,7mer
443,7.43,1517.122192,7mer
444,7.45,1544.279419,7mer
445,7.46,1553.619507,7mer
446,7.48,1533.778076,7mer
447,7.5,1479.783691,7mer
448,7.51,1397.440186,7mer
449,7.53,1302.701416,7mer
450,7.55,1214.846191,7mer
451,7.56,1154.180298,7mer
452,7.58,1138.402222,7mer
453,7.59,1169.468872,7mer
454,7.61,1233.228638,7mer
455,7.63,1311.912476,7mer
456,7.64,1396.452759,7mer
457,7.66,1480.886353,7mer
458,7.68,1553.971436,7mer
459,7.69,1604.944336,7mer
460,7.71,1635.594971,7mer
461,7.73,1653.199463,7mer
462,7.74,1652.961426,7mer
463,7.76,1618.883423,7mer
464,7.78,1551.72998,7mer
465,7.79,1482.786621,7mer
466,7.81,1447.093628,7mer
467,7.83,1447.212524,7mer
468,7.84,1450.043091,7mer
469,7.86,1419.881348,7mer
470,7.88,1347.505859,7mer
471,7.89,1245.99939,7mer
472,7.91,1133.195801,7mer
473,7.93,1026.81604,7mer
474,7.94,950.5981445,7mer
475,7.96,928.6530762,7mer
476,7.98,966.739624,7mer
477,7.99,1039.381226,7mer
478,8.01,1100.895264,7mer
479,8.03,1116.762939,7mer
480,8.04,1094.111938,7mer
481,8.06,1076.825806,7mer
482,8.08,1103.996704,7mer
483,8.09,1168.917969,7mer
484,8.11,1222.679077,7mer
485,8.13,1218.993042,7mer
486,8.14,1159.203979,7mer
487,8.16,1093.763306,7mer
488,8.18,1079.019287,7mer
489,8.19,1130.073486,7mer
490,8.21,1213.739868,7mer
491,8.23,1285.321655,7mer
492,8.24,1326.126953,7mer
493,8.26,1346.311157,7mer
494,8.28,1353.948853,7mer
495,8.29,1340.144531,7mer
496,8.31,1294.622559,7mer
497,8.33,1229.094971,7mer
498,8.34,1171.725342,7mer
499,8.36,1135.044922,7mer
500,8.38,1106.789795,7mer
501,8.39,1074.115234,7mer
502,8.41,1050.645508,7mer
503,8.43,1063.11084,7mer
504,8.44,1117.366211,7mer
505,8.46,1189.15564,7mer
506,8.47,1246.716431,7mer
507,8.49,1273.966797,7mer
508,8.51,1270.805176,7mer
509,8.52,1243.331055,7mer
510,8.54,1197.100586,7mer
511,8.56,1150.561279,7mer
512,8.57,1138.621582,7mer
513,8.59,1186.435425,7mer
514,8.61,1275.748901,7mer
515,8.62,1352.979736,7mer
516,8.64,1375.130859,7mer
517,8.66,1342.2146,7mer
518,8.67,1290.343994,7mer
519,8.69,1255.66748,7mer
520,8.71,1248.606323,7mer
521,8.72,1247.775757,7mer
522,8.74,1222.887573,7mer
523,8.76,1159.795776,7mer
524,8.77,1079.825684,7mer
525,8.79,1027.065674,7mer
526,8.81,1035.309814,7mer
527,8.82,1102.676758,7mer
528,8.84,1194.901367,7mer
529,8.86,1272.077759,7mer
530,8.87,1307.114502,7mer
531,8.89,1292.666138,7mer
532,8.91,1243.805298,7mer
533,8.92,1193.133423,7mer
534,8.94,1171.962524,7mer
535,8.96,1183.077881,7mer
536,8.97,1205.28772,7mer
537,8.99,1219.25708,7mer
538,9.01,1218.996704,7mer
539,9.02,1201.445923,7mer
540,9.04,1168.047485,7mer
541,9.06,1134.49353,7mer
542,9.07,1130.142944,7mer
543,9.09,1168.460571,7mer
544,9.11,1225.650757,7mer
545,9.12,1257.152344,7mer
546,9.14,1234.862061,7mer
547,9.16,1163.610962,7mer
548,9.17,1068.198975,7mer
549,9.19,970.6220093,7mer
550,9.21,882.2644653,7mer
551,9.22,802.7496338,7mer
552,9.24,725.281189,7mer
553,9.26,648.0444336,7mer
554,9.27,574.9061279,7mer
555,9.29,516.7412109,7mer
556,9.31,487.6354675,7mer
557,9.32,499.1517029,7mer
558,9.34,553.3088989,7mer
559,9.35,634.6912842,7mer
560,9.37,716.5788574,7mer
561,9.39,778.6221313,7mer
562,9.4,819.0517578,7mer
563,9.42,849.4077759,7mer
564,9.44,880.4058838,7mer
565,9.45,912.5928955,7mer
566,9.47,939.8363647,7mer
567,9.49,958.973877,7mer
568,9.5,978.3894043,7mer
569,9.52,1015.318298,7mer
570,9.54,1077.695313,7mer
571,9.55,1149.671753,7mer
572,9.57,1196.43042,7mer
573,9.59,1188.377563,7mer
574,9.6,1123.443481,7mer
575,9.62,1029.208618,7mer
576,9.64,954.3447266,7mer
577,9.65,973.1834717,7mer
578,9.67,1235.382202,7mer
579,9.69,2067.424805,7mer
580,9.7,4024.093506,7mer
581,9.72,7721.085449,7mer
582,9.74,13321.34473,7mer
583,9.77,19949.70703,7mer
584,9.78,25669.46875,7mer
585,9.8,28378.79492,7mer
586,9.83,27104.93164,7mer
587,9.86,22614.45508,7mer
588,9.88,16808.18359,7mer
589,9.91,11506.49512,7mer
590,9.94,7638.583496,7mer
591,9.96,5231.167969,7mer
592,9.97,3859.070068,7mer
593,9.99,3069.771973,7mer
594,10.01,2573.443848,7mer
595,10.02,2249.721924,7mer
596,10.04,2062.333252,7mer
597,10.06,1984.120361,7mer
598,10.07,1963.249512,7mer
599,10.09,1933.296265,7mer
600,10.11,1849.281982,7mer
601,10.12,1717.923218,7mer
602,10.14,1589.748535,7mer
603,10.16,1518.640015,7mer
604,10.17,1509.405151,7mer
605,10.19,1509.701904,7mer
606,10.21,1460.598633,7mer
607,10.22,1362.70813,7mer
608,10.24,1280.821411,7mer
609,10.26,1282.914795,7mer
610,10.27,1372.752197,7mer
611,10.29,1485.769409,7mer
612,10.31,1542.095337,7mer
613,10.32,1500.704956,7mer
614,10.34,1378.895752,7mer
615,10.36,1228.855713,7mer
616,10.37,1104.314087,7mer
617,10.39,1040.3125,7mer
618,10.41,1048.349976,7mer
619,10.42,1110.659546,7mer
620,10.44,1182.952026,7mer
621,10.46,1218.569336,7mer
622,10.47,1204.897095,7mer
623,10.49,1169.105103,7mer
624,10.51,1144.119141,7mer
625,10.52,1146.496216,7mer
626,10.54,1190.443359,7mer
627,10.56,1292.456909,7mer
628,10.57,1446.162354,7mer
629,10.59,1601.812134,7mer
630,10.61,1695.370239,7mer
631,10.62,1694.488403,7mer
632,10.64,1614.670532,7mer
633,10.65,1488.738281,7mer
634,10.67,1341.77063,7mer
635,10.69,1192.409302,7mer
636,10.7,1067.572021,7mer
637,10.72,991.2918701,7mer
638,10.74,966.9064331,7mer
639,10.75,974.510437,7mer
640,10.77,991.1655884,7mer
641,10.79,1008.666321,7mer
642,10.8,1034.145508,7mer
643,10.82,1075.998901,7mer
644,10.84,1129.637207,7mer
645,10.85,1173.93103,7mer
646,10.87,1186.588257,7mer
647,10.89,1166.454102,7mer
648,10.9,1141.370239,7mer
649,10.92,1146.276733,7mer
650,10.94,1196.700195,7mer
651,10.95,1277.10376,7mer
652,10.97,1360.887207,7mer
653,10.99,1429.208008,7mer
654,11,1475.118408,7mer
655,11.02,1491.012695,7mer
656,11.04,1461.444458,7mer
657,11.05,1378.27002,7mer
658,11.07,1255.676758,7mer
659,11.09,1128.404297,7mer
660,11.1,1030.083618,7mer
661,11.12,976.6220703,7mer
662,11.14,966.6447754,7mer
663,11.15,985.867981,7mer
664,11.17,1018.139587,7mer
665,11.19,1052.997925,7mer
666,11.2,1089.435791,7mer
667,11.22,1122.051514,7mer
668,11.24,1136.743408,7mer
669,11.25,1119.394897,7mer
670,11.27,1070.764771,7mer
671,11.29,1002.638,7mer
672,11.3,929.3312378,7mer
673,11.32,869.2706909,7mer
674,11.34,845.2911987,7mer
675,11.35,871.7012939,7mer
676,11.37,942.1661377,7mer
677,11.39,1031.844604,7mer
678,11.4,1115.234253,7mer
679,11.42,1178.112183,7mer
680,11.44,1222.304565,7mer
681,11.46,1257.77832,7mer
682,11.47,1293.588257,7mer
683,11.49,1331.991455,7mer
684,11.51,1368.337524,7mer
685,11.52,1396.544067,7mer
686,11.54,1411.856079,7mer
687,11.56,1403.493408,7mer
688,11.58,1358.216187,7mer
689,11.6,1274.783691,7mer
690,11.61,1174.874634,7mer
691,11.63,1092.493408,7mer
692,11.65,1047.754395,7mer
693,11.66,1032.165283,7mer
694,11.69,1022.079041,7mer
695,11.7,1007.037476,7mer
696,11.72,1002.948242,7mer
697,11.74,1026.005493,7mer
698,11.75,1069.230347,7mer
699,11.77,1111.249023,7mer
700,11.79,1143.263672,7mer
701,11.8,1175.567261,7mer
702,11.82,1218.596802,7mer
703,11.84,1266.264526,7mer
704,11.85,1297.765869,7mer
705,11.87,1295.391968,7mer
706,11.89,1258.656494,7mer
707,11.9,1206.535645,7mer
708,11.92,1158.68335,7mer
709,11.94,1123.859497,7mer
710,11.95,1100.848511,7mer
711,11.97,1087.720215,7mer
712,11.99,1092.455811,7mer
713,12,1125.143188,7mer
714,12.03,1186.973267,7mer
715,12.04,1264.438965,7mer
716,12.06,1337.781128,7mer
717,12.08,1391.57373,7mer
718,12.09,1416.792969,7mer
719,12.11,1411.182739,7mer
720,12.13,1377.67981,7mer
721,12.14,1328.750244,7mer
722,12.16,1283.384277,7mer
723,12.18,1261.088135,7mer
724,12.19,1268.923096,7mer
725,12.21,1302.441528,7mer
726,12.22,1354.274902,7mer
727,12.24,1418.036011,7mer
728,12.26,1480.030396,7mer
729,12.27,1516.830933,7mer
730,12.29,1508.868774,7mer
731,12.31,1467.508545,7mer
732,12.32,1433.86731,7mer
733,12.34,1445.129883,7mer
734,12.36,1496.751953,7mer
735,12.37,1545.990234,7mer
736,12.39,1548.864502,7mer
737,12.41,1491.140991,7mer
738,12.42,1386.972412,7mer
739,12.44,1262.52771,7mer
740,12.46,1141.364258,7mer
741,12.47,1040.726074,7mer
742,12.49,974.2297363,7mer
743,12.51,952.9389648,7mer
744,12.52,976.5722656,7mer
745,12.54,1037.556152,7mer
746,12.56,1129.459229,7mer
747,12.57,1250.078857,7mer
748,12.59,1381.081543,7mer
749,12.61,1480.334229,7mer
750,12.62,1503.649536,7mer
751,12.64,1438.483398,7mer
752,12.66,1314.883911,7mer
753,12.67,1179.602661,7mer
754,12.69,1065.370728,7mer
755,12.71,987.0401001,7mer
756,12.72,949.5241089,7mer
757,12.74,951.3284302,7mer
758,12.76,979.1578979,7mer
759,12.77,1016.216125,7mer
760,12.79,1054.065552,7mer
761,12.81,1098.230469,7mer
762,12.82,1152.02063,7mer
763,12.84,1207.663086,7mer
764,12.86,1247.437378,7mer
765,12.87,1259.794189,7mer
766,12.89,1246.016479,7mer
767,12.91,1213.078735,7mer
768,12.92,1165.297729,7mer
769,12.94,1105.640869,7mer
770,12.96,1043.04187,7mer
771,12.97,998.2714233,7mer
772,12.99,988.8875122,7mer
773,13.01,1011.975159,7mer
774,13.02,1044.703979,7mer
775,13.04,1070.544189,7mer
776,13.06,1093.776123,7mer
777,13.07,1123.220703,7mer
778,13.09,1146.551392,7mer
779,13.1,1140.183228,7mer
780,13.12,1101.446899,7mer
781,13.14,1059.603149,7mer
782,13.15,1047.032837,7mer
783,13.17,1067.320801,7mer
784,13.19,1097.759766,7mer
785,13.2,1114.845825,7mer
786,13.22,1108.909546,7mer
787,13.24,1078.938232,7mer
788,13.25,1026.912598,7mer
789,13.27,965.0499878,7mer
790,13.29,919.9021606,7mer
791,13.3,917.2753296,7mer
792,13.32,960.1484375,7mer
793,13.34,1025.289673,7mer
794,13.35,1081.465454,7mer
795,13.37,1109.05481,7mer
796,13.39,1102.08667,7mer
797,13.4,1064.574951,7mer
798,13.42,1010.851685,7mer
799,13.44,968.0335083,7mer
800,13.45,965.4143677,7mer
801,13.47,1008.444458,7mer
802,13.49,1065.097534,7mer
803,13.5,1092.763672,7mer
804,13.52,1076.307617,7mer
805,13.54,1035.135864,7mer
806,13.55,998.4682617,7mer
807,13.57,984.1762695,7mer
808,13.59,997.2961426,7mer
809,13.6,1036.588745,7mer
810,13.62,1092.03064,7mer
811,13.64,1148.05957,7mer
812,13.65,1193.942017,7mer
813,13.67,1231.220215,7mer
814,13.69,1263.822388,7mer
815,13.7,1281.098022,7mer
816,13.72,1260.15564,7mer
817,13.74,1189.768555,7mer
818,13.75,1089.998047,7mer
819,13.77,1004.513733,7mer
820,13.79,973.9310913,7mer
821,13.8,1013.078613,7mer
822,13.82,1107.337646,7mer
823,13.84,1219.960205,7mer
824,13.85,1310.450684,7mer
825,13.87,1353.556519,7mer
826,13.89,1348.223999,7mer
827,13.9,1306.955078,7mer
828,13.92,1246.838623,7mer
829,13.94,1182.400269,7mer
830,13.95,1118.87146,7mer
831,13.97,1052.448853,7mer
832,13.98,982.5444946,7mer
833,14,920.850647,7mer
834,14.02,889.1013794,7mer
835,14.03,901.4329834,7mer
836,14.05,946.8549194,7mer
837,14.07,992.0715332,7mer
838,14.08,1005.785706,7mer
839,14.1,976.7402954,7mer
840,14.12,913.7156982,7mer
841,14.13,833.4095459,7mer
842,14.15,759.0471802,7mer
843,14.17,716.8549805,7mer
844,14.18,726.8970947,7mer
845,14.2,795.1535645,7mer
846,14.22,908.4207764,7mer
847,14.23,1039.526367,7mer
848,14.25,1161.628418,7mer
849,14.27,1258.047119,7mer
850,14.28,1324.937622,7mer
851,14.3,1367.382935,7mer
852,14.32,1391.836426,7mer
853,14.33,1400.540771,7mer
854,14.35,1392.202759,7mer
855,14.37,1367.773926,7mer
856,14.38,1333.900635,7mer
857,14.4,1299.063354,7mer
858,14.42,1267.970703,7mer
859,14.43,1242.481079,7mer
860,14.45,1221.512085,7mer
861,14.47,1207.842163,7mer
862,14.48,1208.718018,7mer
863,14.5,1232.749878,7mer
864,14.52,1280.756958,7mer
865,14.53,1343.149292,7mer
866,14.55,1403.999512,7mer
867,14.57,1447.274048,7mer
868,14.58,1466.813843,7mer
869,14.6,1471.580322,7mer
870,14.62,1480.173828,7mer
871,14.63,1506.039307,7mer
872,14.65,1545.439575,7mer
873,14.67,1582.297852,7mer
874,14.68,1592.996338,7mer
875,14.7,1558.385742,7mer
876,14.72,1472.65979,7mer
877,14.73,1352.807983,7mer
878,14.75,1229.561035,7mer
879,14.77,1132.227173,7mer
880,14.78,1074.836304,7mer
881,14.8,1058.199097,7mer
882,14.82,1073.602661,7mer
883,14.83,1109.724365,7mer
884,14.85,1155.043213,7mer
885,14.86,1194.486328,7mer
886,14.88,1203.913208,7mer
887,14.9,1162.098267,7mer
888,14.91,1070.212524,7mer
889,14.93,964.9816284,7mer
890,14.95,894.7398071,7mer
891,14.96,883.9867554,7mer
892,14.98,922.2440186,7mer
893,15,984.9271851,7mer
894,15.01,1056.07605,7mer
895,15.03,1127.238647,7mer
896,15.05,1184.978516,7mer
897,15.06,1212.939331,7mer
898,15.08,1200.133301,7mer
899,15.1,1144.905151,7mer
900,15.11,1051.984009,7mer
901,15.13,940.8980103,7mer
902,15.15,846.9815063,7mer
903,15.16,808.1741943,7mer
904,15.18,838.2637329,7mer
905,15.2,915.2388306,7mer
906,15.21,995.2406006,7mer
907,15.23,1038.549072,7mer
908,15.25,1026.67981,7mer
909,15.26,966.3862305,7mer
910,15.28,882.5222168,7mer
911,15.3,808.5274658,7mer
912,15.31,769.4995117,7mer
913,15.33,774.1824341,7mer
914,15.35,818.2987671,7mer
915,15.36,888.3549194,7mer
916,15.38,962.081665,7mer
917,15.4,1016.896057,7mer
918,15.41,1040.951294,7mer
919,15.43,1039.986694,7mer
920,15.45,1030.991943,7mer
921,15.46,1028.721069,7mer
922,15.48,1039.416016,7mer
923,15.5,1061.438599,7mer
924,15.51,1088.205444,7mer
925,15.53,1112.635986,7mer
926,15.55,1129.7323,7mer
927,15.56,1135.496704,7mer
928,15.58,1125.063965,7mer
929,15.6,1101.910767,7mer
930,15.61,1086.739502,7mer
931,15.63,1101.948975,7mer
932,15.65,1143.328491,7mer
933,15.66,1177.269897,7mer
934,15.68,1169.802734,7mer
935,15.7,1116.369385,7mer
936,15.71,1043.479736,7mer
937,15.73,981.699646,7mer
938,15.74,944.27948,7mer
939,15.76,925.3731689,7mer
940,15.78,915.0058594,7mer
941,15.79,910.4868774,7mer
942,15.81,918.027832,7mer
943,15.83,945.272644,7mer
944,15.84,992.9990234,7mer
945,15.86,1047.8302,7mer
946,15.88,1086.896973,7mer
947,15.89,1097.407227,7mer
948,15.91,1094.891846,7mer
949,15.93,1115.151855,7mer
950,15.94,1179.732544,7mer
951,15.96,1266.957886,7mer
952,15.98,1327.293335,7mer
953,15.99,1327.705688,7mer
954,16.01,1279.37793,7mer
955,16.03,1224.175171,7mer
956,16.04,1199.496948,7mer
957,16.06,1218.384399,7mer
958,16.08,1267.261963,7mer
959,16.09,1316.47998,7mer
960,16.11,1338.207764,7mer
961,16.13,1317.505127,7mer
962,16.14,1256.919312,7mer
963,16.16,1174.505493,7mer
964,16.18,1095.689453,7mer
965,16.19,1038.695068,7mer
966,16.21,1008.884521,7mer
967,16.23,998.9371948,7mer
968,16.24,1000.020874,7mer
969,16.26,1013.720093,7mer
970,16.28,1049.625122,7mer
971,16.29,1111.721191,7mer
972,16.31,1183.734741,7mer
973,16.33,1233.913818,7mer
974,16.34,1230.570435,7mer
975,16.36,1165.68042,7mer
976,16.38,1065.038696,7mer
977,16.39,969.7575073,7mer
978,16.41,907.6621704,7mer
979,16.43,882.0480347,7mer
980,16.44,887.9597778,7mer
981,16.46,925.4351807,7mer
982,16.48,997.5812378,7mer
983,16.49,1091.990723,7mer
984,16.51,1178.21814,7mer
985,16.53,1227.521973,7mer
986,16.54,1235.614136,7mer
987,16.56,1222.788208,7mer
988,16.58,1208.552612,7mer
989,16.59,1199.432251,7mer
990,16.61,1192.442017,7mer
991,16.62,1183.234619,7mer
992,16.64,1164.611328,7mer
993,16.66,1129.399292,7mer
994,16.67,1080.187256,7mer
995,16.69,1028.484131,7mer
996,16.71,993.4932861,7mer
997,16.72,992.9050903,7mer
998,16.74,1030.953125,7mer
999,16.76,1090.49707,7mer
1000,16.77,1141.175781,7mer
1001,16.79,1161.182983,7mer
1002,16.81,1154.249268,7mer
1003,16.82,1141.193604,7mer
1004,16.84,1136.103516,7mer
1005,16.86,1136.906738,7mer
1006,16.87,1133.854248,7mer
1007,16.89,1118.25708,7mer
1008,16.91,1083.048706,7mer
1009,16.92,1031.262451,7mer
1010,16.94,984.7424927,7mer
1011,16.96,970.7590942,7mer
1012,16.97,996.6129761,7mer
1013,16.99,1035.404785,7mer
1014,17.01,1041.229004,7mer
1015,17.02,986.3717041,7mer
1016,17.04,889.5413208,7mer
1017,17.06,810.6456299,7mer
1018,17.07,813.0103149,7mer
1019,17.09,912.4958496,7mer
1020,17.11,1063.410645,7mer
1021,17.12,1191.003662,7mer
1022,17.14,1244.982178,7mer
1023,17.16,1230.763794,7mer
1024,17.17,1192.156982,7mer
1025,17.19,1171.467407,7mer
1026,17.21,1182.648438,7mer
1027,17.22,1215.235107,7mer
1028,17.24,1249.377197,7mer
1029,17.26,1267.422485,7mer
1030,17.27,1259.64209,7mer
1031,17.29,1223.150513,7mer
1032,17.31,1157.366821,7mer
1033,17.32,1062.143188,7mer
1034,17.34,945.3470459,7mer
1035,17.36,826.470459,7mer
1036,17.37,739.7893677,7mer
1037,17.39,719.1416626,7mer
1038,17.41,772.7182617,7mer
1039,17.42,873.9602051,7mer
1040,17.44,976.4029541,7mer
1041,17.46,1038.880493,7mer
1042,17.47,1040.772095,7mer
1043,17.49,984.4122314,7mer
1044,17.5,891.1838379,7mer
1045,17.52,790.1802368,7mer
1046,17.54,713.185791,7mer
1047,17.55,688.8120117,7mer
1048,17.57,731.6433716,7mer
1049,17.59,833.2146606,7mer
1050,17.6,965.5401611,7mer
1051,17.62,1093.762939,7mer
1052,17.64,1193.560425,7mer
1053,17.65,1255.876953,7mer
1054,17.67,1284.456299,7mer
1055,17.69,1291.688965,7mer
1056,17.7,1292.316162,7mer
1057,17.72,1291.391357,7mer
1058,17.74,1278.235596,7mer
1059,17.75,1240.48645,7mer
1060,17.77,1179.091187,7mer
1061,17.79,1105.2229,7mer
1062,17.8,1030.937134,7mer
1063,17.82,969.6713257,7mer
1064,17.84,938.9302979,7mer
1065,17.85,954.3187256,7mer
1066,17.87,1014.96283,7mer
1067,17.89,1098.314941,7mer
1068,17.9,1170.019409,7mer
1069,17.92,1200.209595,7mer
1070,17.94,1173.833862,7mer
1071,17.95,1094.36499,7mer
1072,17.97,983.6883545,7mer
1073,17.99,876.8153687,7mer
1074,18,803.1804199,7mer
1075,18.03,771.8962402,7mer
1076,18.05,772.9558105,7mer
1077,18.07,791.5790405,7mer
1078,18.1,814.076416,7mer
1079,18.11,827.732605,7mer
1080,18.13,823.8585815,7mer
1081,18.15,806.7462769,7mer
1082,18.17,788.8150635,7mer
1083,18.18,776.326355,7mer
1084,18.2,761.6818237,7mer
1085,18.22,733.2207642,7mer
1086,18.25,688.9052734,7mer
1087,18.27,639.5822144,7mer
1088,18.29,596.4937134,7mer
1089,18.32,559.331665,7mer
1090,18.35,519.2188721,7mer
1091,18.38,470.3502197,7mer
1092,18.41,419.6439819,7mer
1093,18.43,378.5672607,7mer
1094,18.46,355.3576965,7mer
1095,18.49,353.3336792,7mer
1096,18.52,368.4836426,7mer
1097,18.55,388.9494324,7mer
1098,18.57,402.9356689,7mer
1099,18.6,407.0711365,7mer
1100,18.63,406.3928833,7mer
1101,18.66,405.6939392,7mer
1102,18.69,406.9924927,7mer
1103,18.72,411.4879761,7mer
1104,18.74,418.3319397,7mer
1105,18.77,422.4854431,7mer
1106,18.8,417.8297424,7mer
1107,18.83,401.2140503,7mer
1108,18.86,380.3672485,7mer
1109,18.88,370.3061218,7mer
1110,18.91,384.3181763,7mer
1111,18.94,421.9678345,7mer
1112,18.97,474.6022034,7mer
1113,19,537.7942505,7mer
1114,19.02,623.1040649,7mer
1115,19.05,743.8588257,7mer
1116,19.08,893.0757446,7mer
1117,19.11,1037.973877,7mer
1118,19.14,1148.109619,7mer
1119,19.16,1216.431274,7mer
1120,19.19,1249.38623,7mer
1121,19.22,1250.78418,7mer
1122,19.25,1221.366577,7mer
1123,19.28,1168.059814,7mer
1124,19.3,1104.905884,7mer
1125,19.33,1050.195923,7mer
1126,19.36,1022.988464,7mer
1127,19.39,1035.628418,7mer
1128,19.42,1085.085938,7mer
1129,19.45,1147.767944,7mer
1130,19.47,1197.903198,7mer
1131,19.5,1224.214355,7mer
1132,19.53,1233.553223,7mer
1133,19.56,1229.915649,7mer
1134,19.59,1202.254517,7mer
1135,19.61,1138.865845,7mer
1136,19.64,1050.04541,7mer
1137,19.67,969.5358887,7mer
1138,19.7,929.6123047,7mer
1139,19.73,938.5794678,7mer
1140,19.75,977.8763428,7mer
1141,19.78,1024.033081,7mer
1142,19.81,1059.804565,7mer
1143,19.84,1071.842285,7mer
1144,19.87,1050.504761,7mer
1145,19.89,998.6760254,7mer
1146,19.92,933.8633423,7mer
1147,19.95,871.4401245,7mer
1148,19.98,820.5123901,7mer
1149,20.01,789.8914795,7mer
1150,20.03,788.703064,7mer
1151,20.06,816.2771606,7mer
1152,20.09,852.5180664,7mer
1153,20.11,866.0601196,7mer
1154,20.14,838.4490356,7mer
1155,20.17,776.8759155,7mer
1156,20.2,703.5765991,7mer
1157,20.23,646.4453735,7mer
1158,20.25,640.0683594,7mer
1159,20.28,722.1552734,7mer
1160,20.31,915.8004761,7mer
1161,20.33,1202.317139,7mer
1162,20.35,1522.152954,7mer
1163,20.37,1803.898315,7mer
1164,20.38,2000.525757,7mer
1165,20.4,2095.852539,7mer
1166,20.42,2102.476074,7mer
1167,20.43,2053.751709,7mer
1168,20.45,1989.90979,7mer
1169,20.47,1942.553467,7mer
1170,20.48,1918.387695,7mer
1171,20.5,1902.963135,7mer
1172,20.52,1878.702515,7mer
1173,20.53,1846.418335,7mer
1174,20.55,1822.805908,7mer
1175,20.58,1813.065308,7mer
1176,20.61,1800.648804,7mer
1177,20.64,1767.867554,7mer
1178,20.66,1719.044434,7mer
1179,20.69,1674.752319,7mer
1180,20.72,1647.425781,7mer
1181,20.75,1626.108643,7mer
1182,20.78,1591.432129,7mer
1183,20.8,1540.406372,7mer
1184,20.83,1485.087891,7mer
1185,20.86,1446.240234,7mer
1186,20.89,1436.320679,7mer
1187,20.91,1457.338989,7mer
1188,20.94,1497.043945,7mer
1189,20.96,1530.647949,7mer
1190,20.97,1526.152588,7mer
1191,21,1465.803223,7mer
1192,21.01,1367.537842,7mer
1193,21.03,1285.807129,7mer
1194,21.05,1271.115723,7mer
1195,21.06,1329.060547,7mer
1196,21.08,1421.310059,7mer
1197,21.1,1501.863892,7mer
1198,21.12,1544.95105,7mer
1199,21.14,1552.985474,7mer
1200,21.15,1536.236328,7mer
1201,21.17,1504.890259,7mer
1202,21.19,1463.753296,7mer
1203,21.2,1419.696655,7mer
1204,21.22,1380.276855,7mer
1205,21.24,1360.6604,7mer
1206,21.25,1376.20105,7mer
1207,21.27,1431.330444,7mer
1208,21.28,1507.940918,7mer
1209,21.3,1583.063354,7mer
1210,21.32,1650.517822,7mer
1211,21.33,1722.255859,7mer
1212,21.35,1809.252441,7mer
1213,21.37,1901.422852,7mer
1214,21.38,1968.8927,7mer
1215,21.4,1985.208374,7mer
1216,21.42,1940.862793,7mer
1217,21.43,1845.757813,7mer
1218,21.45,1718.713379,7mer
1219,21.47,1588.676758,7mer
1220,21.48,1481.054199,7mer
1221,21.5,1409.689087,7mer
1222,21.52,1377.91394,7mer
1223,21.53,1391.281006,7mer
1224,21.55,1459.037964,7mer
1225,21.57,1583.808105,7mer
1226,21.58,1747.528442,7mer
1227,21.6,1908.873169,7mer
1228,21.62,2022.827148,7mer
1229,21.63,2063.172852,7mer
1230,21.65,2034.37085,7mer
1231,21.67,1971.145508,7mer
1232,21.68,1917.387939,7mer
1233,21.7,1904.637695,7mer
1234,21.72,1930.519897,7mer
1235,21.73,1973.1427,7mer
1236,21.75,2014.49585,7mer
1237,21.77,2050.974854,7mer
1238,21.78,2082.175781,7mer
1239,21.8,2096.408691,7mer
1240,21.82,2073.270752,7mer
1241,21.83,1994.674438,7mer
1242,21.85,1863.334961,7mer
1243,21.87,1708.693115,7mer
1244,21.88,1577.936401,7mer
1245,21.9,1508.676758,7mer
1246,21.92,1507.703979,7mer
1247,21.93,1550.698975,7mer
1248,21.95,1605.641724,7mer
1249,21.97,1667.09082,7mer
1250,21.98,1753.605103,7mer
1251,22,1878.317871,7mer
1252,22.02,2019.382324,7mer
1253,22.03,2126.884277,7mer
1254,22.05,2161.26709,7mer
1255,22.07,2131.178711,7mer
1256,22.08,2095.074463,7mer
1257,22.1,2112.742676,7mer
1258,22.12,2189.9646,7mer
1259,22.13,2273.596924,7mer
1260,22.15,2304.491699,7mer
1261,22.16,2275.390381,7mer
1262,22.18,2237.029053,7mer
1263,22.2,2241.156494,7mer
1264,22.21,2287.171875,7mer
1265,22.23,2326.983154,7mer
1266,22.25,2311.623779,7mer
1267,22.26,2223.796631,7mer
1268,22.28,2080.563232,7mer
1269,22.3,1922.297363,7mer
1270,22.31,1795.315674,7mer
1271,22.33,1726.303955,7mer
1272,22.35,1708.845093,7mer
1273,22.36,1726.265381,7mer
1274,22.38,1775.604858,7mer
1275,22.4,1869.310669,7mer
1276,22.41,2010.594971,7mer
1277,22.43,2169.280029,7mer
1278,22.45,2283.906982,7mer
1279,22.46,2296.693604,7mer
1280,22.48,2193.181396,7mer
1281,22.5,2021.555908,7mer
1282,22.51,1864.322998,7mer
1283,22.53,1785.890747,7mer
1284,22.55,1795.015381,7mer
1285,22.56,1850.755127,7mer
1286,22.58,1903.045166,7mer
1287,22.6,1916.597534,7mer
1288,22.61,1870.346069,7mer
1289,22.63,1759.323853,7mer
1290,22.65,1611.197021,7mer
1291,22.66,1490.316284,7mer
1292,22.68,1464.458496,7mer
1293,22.7,1554.272339,7mer
1294,22.71,1720.83313,7mer
1295,22.73,1901.359741,7mer
1296,22.75,2050.047852,7mer
1297,22.76,2150.75,7mer
1298,22.78,2201.906982,7mer
1299,22.8,2203.338135,7mer
1300,22.81,2160.719482,7mer
1301,22.83,2090.95166,7mer
1302,22.85,2021.617676,7mer
1303,22.86,1973.716553,7mer
1304,22.88,1502.036865,7mer
1305,22.9,2520.399414,7mer
1306,22.91,1808.966553,7mer
1307,22.93,1767.480469,7mer
1308,22.95,1712.130249,7mer
1309,22.96,1964.739136,7mer
1310,22.98,2573.519043,7mer
1311,23,1909.305542,7mer
0,0.04,0,Ligation Product
1,0.05,0,Ligation Product
2,0.07,0,Ligation Product
3,0.09,21,Ligation Product
4,0.1,1,Ligation Product
5,0.12,20,Ligation Product
6,0.14,0,Ligation Product
7,0.15,7.16390276,Ligation Product
8,0.17,6.235693932,Ligation Product
9,0.18,5.012909889,Ligation Product
10,0.2,3.764813185,Ligation Product
11,0.22,2.933663845,Ligation Product
12,0.23,2.743858576,Ligation Product
13,0.25,2.989899635,Ligation Product
14,0.27,3.290554285,Ligation Product
15,0.28,3.420893908,Ligation Product
16,0.3,3.43329668,Ligation Product
17,0.32,3.415045977,Ligation Product
18,0.33,3.299688816,Ligation Product
19,0.35,3.029870987,Ligation Product
20,0.37,2.72302103,Ligation Product
21,0.38,2.5596807,Ligation Product
22,0.4,2.532560587,Ligation Product
23,0.42,2.486956835,Ligation Product
24,0.43,2.317031145,Ligation Product
25,0.45,2.26956439,Ligation Product
26,0.47,2.824134827,Ligation Product
27,0.48,4.391343117,Ligation Product
28,0.5,6.862308502,Ligation Product
29,0.52,9.400204659,Ligation Product
30,0.53,10.78393936,Ligation Product
31,0.55,10.26285172,Ligation Product
32,0.57,8.142549515,Ligation Product
33,0.58,5.455131054,Ligation Product
34,0.6,3.16486001,Ligation Product
35,0.62,1.680241108,Ligation Product
36,0.63,0.925064206,Ligation Product
37,0.65,0.638785243,Ligation Product
38,0.67,0.573990107,Ligation Product
39,0.68,0.603909492,Ligation Product
40,0.7,0.64944452,Ligation Product
41,0.72,0.710148096,Ligation Product
42,0.73,0.787593961,Ligation Product
43,0.75,0.862826824,Ligation Product
44,0.77,0.914670765,Ligation Product
45,0.78,0.956432939,Ligation Product
46,0.8,1.107779026,Ligation Product
47,0.82,1.590536952,Ligation Product
48,0.83,2.610761881,Ligation Product
49,0.85,4.14150095,Ligation Product
50,0.87,5.763393879,Ligation Product
51,0.88,6.797130585,Ligation Product
52,0.9,6.875972748,Ligation Product
53,0.92,6.372943878,Ligation Product
54,0.93,6.289655685,Ligation Product
55,0.95,7.500601768,Ligation Product
56,0.96,10.00771141,Ligation Product
57,0.98,12.81546116,Ligation Product
58,1,14.46965504,Ligation Product
59,1.01,14.23492718,Ligation Product
60,1.03,12.77357483,Ligation Product
61,1.05,11.68279743,Ligation Product
62,1.06,12.07655525,Ligation Product
63,1.08,13.43917847,Ligation Product
64,1.1,14.15054893,Ligation Product
65,1.11,13.15000343,Ligation Product
66,1.13,10.95825577,Ligation Product
67,1.15,8.873345375,Ligation Product
68,1.16,7.557096481,Ligation Product
69,1.18,6.596035957,Ligation Product
70,1.2,5.365925312,Ligation Product
71,1.21,3.804131508,Ligation Product
72,1.23,2.318941593,Ligation Product
73,1.25,1.290708184,Ligation Product
74,1.26,0.716355503,Ligation Product
75,1.28,0.445608765,Ligation Product
76,1.3,0.350165516,Ligation Product
77,1.31,0.372056931,Ligation Product
78,1.33,0.484945446,Ligation Product
79,1.35,0.608896434,Ligation Product
80,1.36,0.678062975,Ligation Product
81,1.38,0.664261699,Ligation Product
82,1.4,0.63506031,Ligation Product
83,1.41,0.720461965,Ligation Product
84,1.43,1.063850045,Ligation Product
85,1.45,1.714764833,Ligation Product
86,1.46,2.535207748,Ligation Product
87,1.48,3.242839336,Ligation Product
88,1.5,3.585463762,Ligation Product
89,1.51,3.520097733,Ligation Product
90,1.53,3.226825476,Ligation Product
91,1.55,2.958148003,Ligation Product
92,1.56,2.844229698,Ligation Product
93,1.58,2.889749527,Ligation Product
94,1.6,3.053453207,Ligation Product
95,1.61,3.332178354,Ligation Product
96,1.63,3.720093727,Ligation Product
97,1.65,4.097130299,Ligation Product
98,1.66,4.2734375,Ligation Product
99,1.68,4.140058041,Ligation Product
100,1.69,3.791490078,Ligation Product
101,1.71,3.399871349,Ligation Product
102,1.73,3.019478321,Ligation Product
103,1.74,2.593178988,Ligation Product
104,1.76,2.089249611,Ligation Product
105,1.78,1.571840167,Ligation Product
106,1.79,1.140318274,Ligation Product
107,1.81,0.887115896,Ligation Product
108,1.83,0.847487092,Ligation Product
109,1.84,1.020700336,Ligation Product
110,1.86,1.338907242,Ligation Product
111,1.88,1.672377467,Ligation Product
112,1.89,1.871747136,Ligation Product
113,1.91,1.862070441,Ligation Product
114,1.93,1.689155221,Ligation Product
115,1.94,1.463677883,Ligation Product
116,1.96,1.266131878,Ligation Product
117,1.98,1.107400894,Ligation Product
118,1.99,0.956536293,Ligation Product
119,2.01,0.884693861,Ligation Product
120,2.03,1.02498126,Ligation Product
121,2.04,1.889730811,Ligation Product
122,2.06,4.212705612,Ligation Product
123,2.08,8.841891289,Ligation Product
124,2.09,15.92366695,Ligation Product
125,2.11,24.1232872,Ligation Product
126,2.13,30.71442986,Ligation Product
127,2.14,32.95389938,Ligation Product
128,2.16,29.8207283,Ligation Product
129,2.18,22.70412827,Ligation Product
130,2.19,14.46803188,Ligation Product
131,2.21,7.684270859,Ligation Product
132,2.23,3.423234224,Ligation Product
133,2.24,1.337939978,Ligation Product
134,2.26,0.516067803,Ligation Product
135,2.28,0.274909437,Ligation Product
136,2.29,0.226338953,Ligation Product
137,2.31,0.35694924,Ligation Product
138,2.33,0.708849967,Ligation Product
139,2.34,1.320587635,Ligation Product
140,2.36,2.266770601,Ligation Product
141,2.38,3.854598284,Ligation Product
142,2.39,6.48848629,Ligation Product
143,2.41,10.73354816,Ligation Product
144,2.43,16.82344437,Ligation Product
145,2.44,24.41340828,Ligation Product
146,2.46,32.26704407,Ligation Product
147,2.47,37.93229294,Ligation Product
148,2.49,38.5591011,Ligation Product
149,2.51,33.22202682,Ligation Product
150,2.52,24.2917099,Ligation Product
151,2.54,16.01495552,Ligation Product
152,2.56,11.5392828,Ligation Product
153,2.57,11.47922039,Ligation Product
154,2.59,14.44656277,Ligation Product
155,2.61,17.91999245,Ligation Product
156,2.62,19.32374573,Ligation Product
157,2.64,17.45577621,Ligation Product
158,2.66,13.0313797,Ligation Product
159,2.67,8.128092766,Ligation Product
160,2.69,4.447145462,Ligation Product
161,2.71,2.442180634,Ligation Product
162,2.72,1.656946063,Ligation Product
163,2.74,1.434990764,Ligation Product
164,2.76,1.340734124,Ligation Product
165,2.77,1.248126507,Ligation Product
166,2.79,1.110111356,Ligation Product
167,2.81,0.950953007,Ligation Product
168,2.82,0.805493593,Ligation Product
169,2.84,0.708708167,Ligation Product
170,2.86,0.678255737,Ligation Product
171,2.87,0.709719479,Ligation Product
172,2.89,0.792111218,Ligation Product
173,2.91,0.920753002,Ligation Product
174,2.92,1.095452309,Ligation Product
175,2.94,1.293122172,Ligation Product
176,2.96,1.452743411,Ligation Product
177,2.97,1.498617053,Ligation Product
178,2.99,1.440146089,Ligation Product
179,3.01,1.369815707,Ligation Product
180,3.02,1.543088794,Ligation Product
181,3.04,2.290983438,Ligation Product
182,3.06,3.848561525,Ligation Product
183,3.07,6.029778957,Ligation Product
184,3.09,8.021420479,Ligation Product
185,3.11,8.760540009,Ligation Product
186,3.12,7.771809578,Ligation Product
187,3.14,5.612015247,Ligation Product
188,3.16,3.375171185,Ligation Product
189,3.17,1.831195474,Ligation Product
190,3.19,1.077976584,Ligation Product
191,3.21,0.808032751,Ligation Product
192,3.22,0.707069457,Ligation Product
193,3.24,0.628235877,Ligation Product
194,3.25,0.601406693,Ligation Product
195,3.27,0.707231164,Ligation Product
196,3.29,1.052795768,Ligation Product
197,3.3,1.68015027,Ligation Product
198,3.32,2.486433506,Ligation Product
199,3.34,3.196713924,Ligation Product
200,3.35,3.487868547,Ligation Product
201,3.37,3.250685692,Ligation Product
202,3.39,2.708618641,Ligation Product
203,3.4,2.256589174,Ligation Product
204,3.42,2.162385702,Ligation Product
205,3.44,2.417761803,Ligation Product
206,3.45,2.793954134,Ligation Product
207,3.47,2.98904705,Ligation Product
208,3.49,2.796311855,Ligation Product
209,3.5,2.229704618,Ligation Product
210,3.52,1.493062615,Ligation Product
211,3.54,0.845497727,Ligation Product
212,3.55,0.445594788,Ligation Product
213,3.57,0.319645166,Ligation Product
214,3.59,0.414011925,Ligation Product
215,3.6,0.641244471,Ligation Product
216,3.62,0.884160459,Ligation Product
217,3.64,1.02686131,Ligation Product
218,3.65,1.003623009,Ligation Product
219,3.67,0.855231583,Ligation Product
220,3.69,0.696895897,Ligation Product
221,3.7,0.637437761,Ligation Product
222,3.72,0.705077708,Ligation Product
223,3.74,0.830624819,Ligation Product
224,3.75,0.918192565,Ligation Product
225,3.77,0.93204397,Ligation Product
226,3.79,1.012844801,Ligation Product
227,3.8,1.351576924,Ligation Product
228,3.82,2.393310785,Ligation Product
229,3.84,4.775266647,Ligation Product
230,3.85,9.021197319,Ligation Product
231,3.87,14.70635223,Ligation Product
232,3.89,19.8690052,Ligation Product
233,3.9,21.88860321,Ligation Product
234,3.92,19.61515045,Ligation Product
235,3.94,14.4586668,Ligation Product
236,3.95,9.259814262,Ligation Product
237,3.97,6.153678894,Ligation Product
238,3.99,5.637285233,Ligation Product
239,4,6.926097393,Ligation Product
240,4.02,8.605064392,Ligation Product
241,4.03,9.329122543,Ligation Product
242,4.05,8.644566536,Ligation Product
243,4.07,7.099527836,Ligation Product
244,4.08,5.707096577,Ligation Product
245,4.1,4.917725086,Ligation Product
246,4.12,4.43218565,Ligation Product
247,4.13,3.801642656,Ligation Product
248,4.15,2.976353884,Ligation Product
249,4.17,2.216698647,Ligation Product
250,4.18,1.724262953,Ligation Product
251,4.2,1.42355144,Ligation Product
252,4.22,1.192730427,Ligation Product
253,4.23,1.025168657,Ligation Product
254,4.25,1.00279963,Ligation Product
255,4.27,1.218912482,Ligation Product
256,4.28,1.716305494,Ligation Product
257,4.3,2.510842323,Ligation Product
258,4.32,3.51628089,Ligation Product
259,4.33,4.451487064,Ligation Product
260,4.35,4.912232876,Ligation Product
261,4.37,4.668065071,Ligation Product
262,4.38,3.890781641,Ligation Product
263,4.4,3.034531832,Ligation Product
264,4.42,2.477339506,Ligation Product
265,4.43,2.280038834,Ligation Product
266,4.45,2.251067638,Ligation Product
267,4.47,2.167233229,Ligation Product
268,4.48,2.004644394,Ligation Product
269,4.5,1.96732533,Ligation Product
270,4.52,2.296259165,Ligation Product
271,4.53,3.008649826,Ligation Product
272,4.55,3.775229931,Ligation Product
273,4.57,4.104599476,Ligation Product
274,4.58,3.778902769,Ligation Product
275,4.6,3.103592634,Ligation Product
276,4.62,2.669251204,Ligation Product
277,4.63,2.859269857,Ligation Product
278,4.65,3.546055555,Ligation Product
279,4.67,4.224923611,Ligation Product
280,4.68,4.44061327,Ligation Product
281,4.7,4.148761272,Ligation Product
282,4.72,3.679483891,Ligation Product
283,4.73,3.383555651,Ligation Product
284,4.75,3.361765385,Ligation Product
285,4.77,3.432238817,Ligation Product
286,4.78,3.3234303,Ligation Product
287,4.8,2.912900448,Ligation Product
288,4.81,2.318346739,Ligation Product
289,4.83,1.74899292,Ligation Product
290,4.85,1.333624244,Ligation Product
291,4.86,1.078469157,Ligation Product
292,4.88,0.955049872,Ligation Product
293,4.9,0.954733074,Ligation Product
294,4.91,1.083803773,Ligation Product
295,4.93,1.455843925,Ligation Product
296,4.95,2.160916567,Ligation Product
297,4.96,3.735007763,Ligation Product
298,4.98,7.390926361,Ligation Product
299,5,14.50246811,Ligation Product
300,5.01,26.20267105,Ligation Product
301,5.03,42.89528275,Ligation Product
302,5.06,65.12089539,Ligation Product
303,5.08,93.58603668,Ligation Product
304,5.1,127.7923508,Ligation Product
305,5.11,163.1781158,Ligation Product
306,5.13,192.2726288,Ligation Product
307,5.15,207.6231995,Ligation Product
308,5.16,206.6216583,Ligation Product
309,5.18,194.6437531,Ligation Product
310,5.2,184.9345093,Ligation Product
311,5.21,191.7485504,Ligation Product
312,5.23,218.767807,Ligation Product
313,5.25,257.6882019,Ligation Product
314,5.26,298.7250977,Ligation Product
315,5.28,336.3014221,Ligation Product
316,5.3,364.440155,Ligation Product
317,5.31,373.1781311,Ligation Product
318,5.33,358.518219,Ligation Product
319,5.35,330.9621277,Ligation Product
320,5.36,307.3987427,Ligation Product
321,5.38,295.3926697,Ligation Product
322,5.4,291.1719971,Ligation Product
323,5.41,287.9760437,Ligation Product
324,5.43,282.7116394,Ligation Product
325,5.45,276.7208252,Ligation Product
326,5.46,274.4395142,Ligation Product
327,5.48,276.9586792,Ligation Product
328,5.5,278.4372559,Ligation Product
329,5.51,272.5140991,Ligation Product
330,5.53,264.3088684,Ligation Product
331,5.55,264.1222534,Ligation Product
332,5.56,271.6695557,Ligation Product
333,5.58,272.4147034,Ligation Product
334,5.6,253.8147888,Ligation Product
335,5.62,218.2608795,Ligation Product
336,5.63,176.6242065,Ligation Product
337,5.65,135.914505,Ligation Product
338,5.67,97.49467468,Ligation Product
339,5.69,64.18852234,Ligation Product
340,5.71,42.7522049,Ligation Product
341,5.72,38.85302353,Ligation Product
342,5.74,52.94981384,Ligation Product
343,5.76,78.54374695,Ligation Product
344,5.77,106.0271225,Ligation Product
345,5.79,127.0561905,Ligation Product
346,5.81,139.7847595,Ligation Product
347,5.82,146.9366302,Ligation Product
348,5.84,153.0892181,Ligation Product
349,5.86,161.6308594,Ligation Product
350,5.87,173.3004761,Ligation Product
351,5.89,185.7797546,Ligation Product
352,5.91,195.7387238,Ligation Product
353,5.92,201.0001678,Ligation Product
354,5.94,202.3970947,Ligation Product
355,5.96,201.6711578,Ligation Product
356,5.97,197.4501648,Ligation Product
357,5.99,184.1431274,Ligation Product
358,6.01,157.5166626,Ligation Product
359,6.02,120.6413574,Ligation Product
360,6.04,83.2244873,Ligation Product
361,6.06,56.47420883,Ligation Product
362,6.07,48.16439819,Ligation Product
363,6.09,59.47158432,Ligation Product
364,6.11,83.64373016,Ligation Product
365,6.12,108.9848785,Ligation Product
366,6.14,125.0841446,Ligation Product
367,6.16,127.9760971,Ligation Product
368,6.17,121.023262,Ligation Product
369,6.19,109.5393524,Ligation Product
370,6.21,97.55458069,Ligation Product
371,6.22,88.00067902,Ligation Product
372,6.24,83.46178436,Ligation Product
373,6.26,87.2379837,Ligation Product
374,6.27,102.572113,Ligation Product
375,6.29,130.3657074,Ligation Product
376,6.31,165.50354,Ligation Product
377,6.32,197.3085022,Ligation Product
378,6.34,214.7233276,Ligation Product
379,6.36,214.4080353,Ligation Product
380,6.37,200.9179535,Ligation Product
381,6.39,183.6716156,Ligation Product
382,6.41,173.4082336,Ligation Product
383,6.42,177.9404449,Ligation Product
384,6.44,197.6018982,Ligation Product
385,6.45,225.1798401,Ligation Product
386,6.47,248.6651001,Ligation Product
387,6.49,258.0199585,Ligation Product
388,6.5,250.6218109,Ligation Product
389,6.52,233.4707642,Ligation Product
390,6.54,216.0781555,Ligation Product
391,6.55,204.1425934,Ligation Product
392,6.57,197.4837952,Ligation Product
393,6.59,192.6849365,Ligation Product
394,6.6,185.9871368,Ligation Product
395,6.62,174.9051971,Ligation Product
396,6.64,159.0402679,Ligation Product
397,6.65,140.521286,Ligation Product
398,6.67,123.7789841,Ligation Product
399,6.69,112.4497757,Ligation Product
400,6.7,105.6719971,Ligation Product
401,6.72,100.4518814,Ligation Product
402,6.74,94.42041016,Ligation Product
403,6.75,87.87044525,Ligation Product
404,6.77,83.04198456,Ligation Product
405,6.79,83.53662872,Ligation Product
406,6.8,91.95106506,Ligation Product
407,6.82,108.794342,Ligation Product
408,6.84,130.4855499,Ligation Product
409,6.85,147.733017,Ligation Product
410,6.87,151.9332123,Ligation Product
411,6.89,142.3968353,Ligation Product
412,6.9,128.0278015,Ligation Product
413,6.92,118.1469955,Ligation Product
414,6.94,115.3724594,Ligation Product
415,6.95,117.0649872,Ligation Product
416,6.97,119.9671936,Ligation Product
417,6.99,123.5541916,Ligation Product
418,7,128.2880096,Ligation Product
419,7.02,133.3056641,Ligation Product
420,7.04,137.562561,Ligation Product
421,7.05,142.200592,Ligation Product
422,7.07,149.7850342,Ligation Product
423,7.09,159.9609833,Ligation Product
424,7.1,167.8544312,Ligation Product
425,7.12,167.2116241,Ligation Product
426,7.14,157.8527985,Ligation Product
427,7.15,145.1334534,Ligation Product
428,7.17,133.3732605,Ligation Product
429,7.19,121.5100555,Ligation Product
430,7.2,106.1639709,Ligation Product
431,7.22,88.76565552,Ligation Product
432,7.24,76.8504715,Ligation Product
433,7.25,80.71689606,Ligation Product
434,7.27,105.9278641,Ligation Product
435,7.29,145.9547729,Ligation Product
436,7.3,183.4076843,Ligation Product
437,7.32,200.7392883,Ligation Product
438,7.33,192.4124451,Ligation Product
439,7.35,167.3768311,Ligation Product
440,7.37,140.7420197,Ligation Product
441,7.38,121.4299164,Ligation Product
442,7.4,107.3352127,Ligation Product
443,7.42,90.92192841,Ligation Product
444,7.43,69.01691437,Ligation Product
445,7.45,46.8959198,Ligation Product
446,7.47,34.10871887,Ligation Product
447,7.48,37.93201065,Ligation Product
448,7.5,60.48519897,Ligation Product
449,7.52,96.7146225,Ligation Product
450,7.53,134.9178314,Ligation Product
451,7.55,161.0204315,Ligation Product
452,7.57,165.022644,Ligation Product
453,7.58,146.4970551,Ligation Product
454,7.6,114.7702103,Ligation Product
455,7.62,83.69190216,Ligation Product
456,7.63,63.46161652,Ligation Product
457,7.65,54.64631271,Ligation Product
458,7.67,50.80184555,Ligation Product
459,7.68,47.1444664,Ligation Product
460,7.7,45.15531158,Ligation Product
461,7.72,51.09724426,Ligation Product
462,7.73,71.20933533,Ligation Product
463,7.75,108.1103439,Ligation Product
464,7.77,159.5046997,Ligation Product
465,7.78,215.0159607,Ligation Product
466,7.8,256.9707336,Ligation Product
467,7.82,269.7594604,Ligation Product
468,7.83,251.1150055,Ligation Product
469,7.85,212.6744385,Ligation Product
470,7.87,171.3256531,Ligation Product
471,7.88,140.1378326,Ligation Product
472,7.9,123.4255905,Ligation Product
473,7.92,117.9605942,Ligation Product
474,7.93,117.915451,Ligation Product
475,7.95,120.6175003,Ligation Product
476,7.97,124.965271,Ligation Product
477,7.98,127.3243713,Ligation Product
478,8,120.6314392,Ligation Product
479,8.02,101.87117,Ligation Product
480,8.03,78.50878143,Ligation Product
481,8.05,64.16674805,Ligation Product
482,8.07,67.31481171,Ligation Product
483,8.08,83.27790833,Ligation Product
484,8.1,97.77363586,Ligation Product
485,8.12,97.54644775,Ligation Product
486,8.13,80.45508575,Ligation Product
487,8.15,56.77625275,Ligation Product
488,8.17,40.30419922,Ligation Product
489,8.18,40.83272552,Ligation Product
490,8.2,59.82926178,Ligation Product
491,8.21,90.17832184,Ligation Product
492,8.23,118.1254196,Ligation Product
493,8.25,130.318512,Ligation Product
494,8.26,122.1472015,Ligation Product
495,8.28,100.644249,Ligation Product
496,8.3,78.02178192,Ligation Product
497,8.31,61.41532135,Ligation Product
498,8.33,49.55264664,Ligation Product
499,8.35,38.24073792,Ligation Product
500,8.36,26.34439659,Ligation Product
501,8.38,17.02109146,Ligation Product
502,8.4,13.93139935,Ligation Product
503,8.41,18.59601402,Ligation Product
504,8.43,28.92802048,Ligation Product
505,8.45,39.53131104,Ligation Product
506,8.46,44.16300964,Ligation Product
507,8.48,40.13136673,Ligation Product
508,8.5,30.99244499,Ligation Product
509,8.51,23.98343468,Ligation Product
510,8.53,25.23645973,Ligation Product
511,8.55,36.26671982,Ligation Product
512,8.56,53.24396515,Ligation Product
513,8.58,69.45006561,Ligation Product
514,8.6,78.9957962,Ligation Product
515,8.61,80.24368286,Ligation Product
516,8.63,75.22894287,Ligation Product
517,8.65,66.91345978,Ligation Product
518,8.66,56.63713074,Ligation Product
519,8.68,45.83198547,Ligation Product
520,8.7,38.75709152,Ligation Product
521,8.71,41.22952271,Ligation Product
522,8.73,55.73034286,Ligation Product
523,8.75,76.48097992,Ligation Product
524,8.76,92.59523773,Ligation Product
525,8.78,95.76015472,Ligation Product
526,8.8,88.24582672,Ligation Product
527,8.81,80.54201508,Ligation Product
528,8.83,81.06091309,Ligation Product
529,8.85,89.64659882,Ligation Product
530,8.86,99.99105835,Ligation Product
531,8.88,106.8158569,Ligation Product
532,8.9,109.5051804,Ligation Product
533,8.91,109.3538284,Ligation Product
534,8.93,104.6826782,Ligation Product
535,8.95,92.62014008,Ligation Product
536,8.96,74.90007019,Ligation Product
537,8.98,58.95727921,Ligation Product
538,9,52.40686798,Ligation Product
539,9.01,56.88843155,Ligation Product
540,9.03,68.87545013,Ligation Product
541,9.05,83.25379944,Ligation Product
542,9.06,95.13950348,Ligation Product
543,9.08,98.87892914,Ligation Product
544,9.09,90.04439545,Ligation Product
545,9.11,69.93443298,Ligation Product
546,9.13,46.89983749,Ligation Product
547,9.14,30.71782494,Ligation Product
548,9.16,26.47058868,Ligation Product
549,9.18,32.45703125,Ligation Product
550,9.19,41.89834595,Ligation Product
551,9.21,47.1709404,Ligation Product
552,9.23,46.26822281,Ligation Product
553,9.24,44.77943802,Ligation Product
554,9.26,51.2360611,Ligation Product
555,9.28,69.18491364,Ligation Product
556,9.29,92.32754517,Ligation Product
557,9.31,108.9068069,Ligation Product
558,9.33,111.1673126,Ligation Product
559,9.34,100.0042267,Ligation Product
560,9.36,82.2000351,Ligation Product
561,9.38,65.6417923,Ligation Product
562,9.39,57.58743286,Ligation Product
563,9.41,62.16077805,Ligation Product
564,9.43,76.95195007,Ligation Product
565,9.44,93.69998932,Ligation Product
566,9.46,105.1178055,Ligation Product
567,9.48,110.8592148,Ligation Product
568,9.49,116.3537292,Ligation Product
569,9.51,126.535675,Ligation Product
570,9.53,142.6758881,Ligation Product
571,9.54,163.7578125,Ligation Product
572,9.56,185.796814,Ligation Product
573,9.58,199.4868317,Ligation Product
574,9.59,194.3336334,Ligation Product
575,9.61,167.7244568,Ligation Product
576,9.63,129.3808746,Ligation Product
577,9.64,94.13343048,Ligation Product
578,9.66,70.01422119,Ligation Product
579,9.68,54.48322678,Ligation Product
580,9.69,41.32094193,Ligation Product
581,9.71,28.85280228,Ligation Product
582,9.73,20.42126465,Ligation Product
583,9.74,22.79959679,Ligation Product
584,9.77,42.34529114,Ligation Product
585,9.78,82.6153717,Ligation Product
586,9.8,139.9550171,Ligation Product
587,9.82,200.5652161,Ligation Product
588,9.83,246.2662964,Ligation Product
589,9.85,265.2478333,Ligation Product
590,9.87,258.0046082,Ligation Product
591,9.88,234.3427124,Ligation Product
592,9.9,206.8353882,Ligation Product
593,9.91,184.8400574,Ligation Product
594,9.93,171.9699249,Ligation Product
595,9.95,166.750351,Ligation Product
596,9.96,164.851532,Ligation Product
597,9.98,161.8790131,Ligation Product
598,10,154.1803589,Ligation Product
599,10.01,140.7125397,Ligation Product
600,10.03,124.334938,Ligation Product
601,10.05,112.4614487,Ligation Product
602,10.06,114.3469925,Ligation Product
603,10.08,131.8095856,Ligation Product
604,10.1,155.1122742,Ligation Product
605,10.11,169.6392212,Ligation Product
606,10.13,168.051651,Ligation Product
607,10.15,154.2185211,Ligation Product
608,10.16,137.0159607,Ligation Product
609,10.18,121.8048553,Ligation Product
610,10.2,107.6855774,Ligation Product
611,10.21,92.89548492,Ligation Product
612,10.23,79.66160583,Ligation Product
613,10.25,74.69908142,Ligation Product
614,10.26,81.92897034,Ligation Product
615,10.28,96.91951752,Ligation Product
616,10.3,110.4483337,Ligation Product
617,10.31,117.25,Ligation Product
618,10.33,120.6473923,Ligation Product
619,10.35,124.9695969,Ligation Product
620,10.36,130.3233948,Ligation Product
621,10.38,137.4184875,Ligation Product
622,10.4,152.274826,Ligation Product
623,10.41,182.6571198,Ligation Product
624,10.43,226.8359375,Ligation Product
625,10.45,270.0649719,Ligation Product
626,10.46,292.0173645,Ligation Product
627,10.48,280.1252747,Ligation Product
628,10.5,237.0305328,Ligation Product
629,10.51,179.4821777,Ligation Product
630,10.53,129.7365417,Ligation Product
631,10.55,104.663414,Ligation Product
632,10.56,107.138031,Ligation Product
633,10.58,127.79216,Ligation Product
634,10.6,155.1800232,Ligation Product
635,10.61,186.0648193,Ligation Product
636,10.63,222.5844574,Ligation Product
637,10.65,264.7698364,Ligation Product
638,10.66,302.403717,Ligation Product
639,10.68,323.0571594,Ligation Product
640,10.7,321.9678345,Ligation Product
641,10.71,305.6708374,Ligation Product
642,10.73,283.7955017,Ligation Product
643,10.75,260.0252075,Ligation Product
644,10.76,233.3024597,Ligation Product
645,10.78,206.3932648,Ligation Product
646,10.79,188.5116272,Ligation Product
647,10.81,185.4439545,Ligation Product
648,10.83,190.5746155,Ligation Product
649,10.84,192.298233,Ligation Product
650,10.86,184.2986603,Ligation Product
651,10.88,169.3013611,Ligation Product
652,10.89,152.0372467,Ligation Product
653,10.91,135.8392639,Ligation Product
654,10.93,122.3649216,Ligation Product
655,10.94,113.3457565,Ligation Product
656,10.96,110.5454254,Ligation Product
657,10.98,116.8017731,Ligation Product
658,10.99,133.7116089,Ligation Product
659,11.01,160.9221497,Ligation Product
660,11.03,194.7172241,Ligation Product
661,11.04,228.285965,Ligation Product
662,11.06,251.9367371,Ligation Product
663,11.08,258.2003174,Ligation Product
664,11.1,247.5800018,Ligation Product
665,11.12,230.4564972,Ligation Product
666,11.13,220.5063629,Ligation Product
667,11.15,224.5461884,Ligation Product
668,11.17,237.5588226,Ligation Product
669,11.18,248.3174591,Ligation Product
670,11.2,249.7462616,Ligation Product
671,11.22,243.6298981,Ligation Product
672,11.24,236.8115082,Ligation Product
673,11.26,231.4763641,Ligation Product
674,11.27,221.7019806,Ligation Product
675,11.29,202.5478363,Ligation Product
676,11.31,179.5145874,Ligation Product
677,11.32,165.0282135,Ligation Product
678,11.34,162.3110809,Ligation Product
679,11.36,160.9820557,Ligation Product
680,11.37,149.1941833,Ligation Product
681,11.39,124.8150101,Ligation Product
682,11.41,95.04045105,Ligation Product
683,11.42,69.02639008,Ligation Product
684,11.44,52.56631851,Ligation Product
685,11.46,48.83002472,Ligation Product
686,11.47,57.77464294,Ligation Product
687,11.49,76.81045532,Ligation Product
688,11.51,104.2784882,Ligation Product
689,11.52,138.192627,Ligation Product
690,11.54,175.7292786,Ligation Product
691,11.56,212.8786011,Ligation Product
692,11.58,244.6565857,Ligation Product
693,11.59,266.6942444,Ligation Product
694,11.61,275.1318665,Ligation Product
695,11.63,266.3520813,Ligation Product
696,11.65,240.4859009,Ligation Product
697,11.67,205.2007446,Ligation Product
698,11.68,175.2532959,Ligation Product
699,11.7,164.0966949,Ligation Product
700,11.72,172.5707855,Ligation Product
701,11.73,187.9979401,Ligation Product
702,11.75,192.9812317,Ligation Product
703,11.77,177.706604,Ligation Product
704,11.79,145.8943939,Ligation Product
705,11.81,109.8228836,Ligation Product
706,11.82,80.86806488,Ligation Product
707,11.84,62.69075012,Ligation Product
708,11.86,50.7806778,Ligation Product
709,11.87,39.18407059,Ligation Product
710,11.89,26.45508957,Ligation Product
711,11.91,15.36075974,Ligation Product
712,11.92,9.192556381,Ligation Product
713,11.94,10.96459389,Ligation Product
714,11.96,24.24098587,Ligation Product
715,11.97,52.59717178,Ligation Product
716,11.99,94.56496429,Ligation Product
717,12.01,138.2466125,Ligation Product
718,12.02,166.0943909,Ligation Product
719,12.04,169.724411,Ligation Product
720,12.06,160.0793304,Ligation Product
721,12.07,158.631073,Ligation Product
722,12.09,178.7677917,Ligation Product
723,12.11,218.1131897,Ligation Product
724,12.12,267.1565552,Ligation Product
725,12.14,318.3990479,Ligation Product
726,12.16,365.4952698,Ligation Product
727,12.17,399.0930176,Ligation Product
728,12.19,410.1060791,Ligation Product
729,12.21,397.8677979,Ligation Product
730,12.22,369.5724182,Ligation Product
731,12.24,333.4587708,Ligation Product
732,12.26,296.627594,Ligation Product
733,12.27,267.0833435,Ligation Product
734,12.29,254.0795898,Ligation Product
735,12.31,263.931488,Ligation Product
736,12.32,299.1007996,Ligation Product
737,12.34,353.6844177,Ligation Product
738,12.35,409.8554077,Ligation Product
739,12.37,445.8540649,Ligation Product
740,12.39,448.7069397,Ligation Product
741,12.4,419.9995728,Ligation Product
742,12.42,372.8537598,Ligation Product
743,12.44,324.8777161,Ligation Product
744,12.45,289.7422791,Ligation Product
745,12.47,268.0131836,Ligation Product
746,12.49,250.9186554,Ligation Product
747,12.5,232.2889099,Ligation Product
748,12.52,212.4008331,Ligation Product
749,12.54,193.3077545,Ligation Product
750,12.55,176.2505035,Ligation Product
751,12.57,163.2306519,Ligation Product
752,12.59,157.9549561,Ligation Product
753,12.6,160.5524139,Ligation Product
754,12.62,165.4992828,Ligation Product
755,12.64,169.3271637,Ligation Product
756,12.65,177.6153412,Ligation Product
757,12.67,199.9273834,Ligation Product
758,12.69,237.8169098,Ligation Product
759,12.7,281.2181396,Ligation Product
760,12.72,319.4129944,Ligation Product
761,12.74,347.2860107,Ligation Product
762,12.75,363.3114014,Ligation Product
763,12.77,363.3177185,Ligation Product
764,12.79,345.6535034,Ligation Product
765,12.8,320.0891113,Ligation Product
766,12.82,305.8112488,Ligation Product
767,12.84,316.8653564,Ligation Product
768,12.85,351.4184265,Ligation Product
769,12.87,401.722168,Ligation Product
770,12.89,482.5411987,Ligation Product
771,12.9,662.3036499,Ligation Product
772,12.92,1076.287964,Ligation Product
773,12.94,1944.800903,Ligation Product
774,12.95,3586.711426,Ligation Product
775,12.97,6423.991211,Ligation Product
776,12.99,10898.22656,Ligation Product
777,13,17275.04492,Ligation Product
778,13.02,25421.88867,Ligation Product
779,13.04,34694.78125,Ligation Product
780,13.05,44023.08984,Ligation Product
781,13.08,52136.67578,Ligation Product
782,13.1,57811.13281,Ligation Product
783,13.13,60078.5,Ligation Product
784,13.16,58450.20703,Ligation Product
785,13.19,53126.60938,Ligation Product
786,13.22,45055,Ligation Product
787,13.24,35713.45313,Ligation Product
788,13.27,26641.47461,Ligation Product
789,13.3,18980.40039,Ligation Product
790,13.32,13225.15723,Ligation Product
791,13.33,9280.981445,Ligation Product
792,13.35,6712.800781,Ligation Product
793,13.37,5027.081055,Ligation Product
794,13.38,3850.871826,Ligation Product
795,13.4,2965.077393,Ligation Product
796,13.42,2262.754883,Ligation Product
797,13.43,1703.764038,Ligation Product
798,13.45,1282.295532,Ligation Product
799,13.47,992.3638306,Ligation Product
800,13.48,814.5892944,Ligation Product
801,13.5,717.942627,Ligation Product
802,13.52,667.6421509,Ligation Product
803,13.53,636.3079224,Ligation Product
804,13.55,602.348999,Ligation Product
805,13.57,555.5352783,Ligation Product
806,13.58,502.1951599,Ligation Product
807,13.6,458.4176941,Ligation Product
808,13.63,434.7096558,Ligation Product
809,13.66,427.0404358,Ligation Product
810,13.68,422.8291321,Ligation Product
811,13.71,409.5173035,Ligation Product
812,13.74,380.1286316,Ligation Product
813,13.77,336.0442505,Ligation Product
814,13.8,290.6008301,Ligation Product
815,13.82,262.4614563,Ligation Product
816,13.85,261.5465698,Ligation Product
817,13.88,279.5030518,Ligation Product
818,13.91,298.6069641,Ligation Product
819,13.94,308.9403687,Ligation Product
820,13.96,313.4077148,Ligation Product
821,13.98,317.3232117,Ligation Product
822,13.99,320.4797668,Ligation Product
823,14.01,320.7060547,Ligation Product
824,14.03,319.8329773,Ligation Product
825,14.04,322.2777405,Ligation Product
826,14.06,330.4524231,Ligation Product
827,14.08,343.6698914,Ligation Product
828,14.09,358.6325073,Ligation Product
829,14.11,370.1795959,Ligation Product
830,14.13,372.8807068,Ligation Product
831,14.14,364.8519897,Ligation Product
832,14.16,354.4715271,Ligation Product
833,14.18,355.7671204,Ligation Product
834,14.19,372.2408142,Ligation Product
835,14.21,387.8703003,Ligation Product
836,14.23,381.2034302,Ligation Product
837,14.24,348.3121338,Ligation Product
838,14.26,307.0394897,Ligation Product
839,14.28,280.3950195,Ligation Product
840,14.29,276.2459717,Ligation Product
841,14.31,285.8165894,Ligation Product
842,14.33,295.125946,Ligation Product
843,14.34,299.1170349,Ligation Product
844,14.36,303.2776184,Ligation Product
845,14.38,314.137146,Ligation Product
846,14.39,331.199585,Ligation Product
847,14.41,349.0745239,Ligation Product
848,14.42,364.6743164,Ligation Product
849,14.44,378.5149536,Ligation Product
850,14.46,388.2033997,Ligation Product
851,14.47,383.3933411,Ligation Product
852,14.49,352.3857727,Ligation Product
853,14.51,295.894165,Ligation Product
854,14.52,233.0529785,Ligation Product
855,14.54,186.783493,Ligation Product
856,14.56,166.1993561,Ligation Product
857,14.57,164.3699646,Ligation Product
858,14.59,168.5406342,Ligation Product
859,14.61,170.3587036,Ligation Product
860,14.62,168.9428253,Ligation Product
861,14.64,167.4969788,Ligation Product
862,14.66,167.3260956,Ligation Product
863,14.67,166.9595032,Ligation Product
864,14.69,164.9337158,Ligation Product
865,14.71,163.9342041,Ligation Product
866,14.72,169.017868,Ligation Product
867,14.74,185.0197296,Ligation Product
868,14.76,216.7970428,Ligation Product
869,14.77,267.440918,Ligation Product
870,14.79,334.0538025,Ligation Product
871,14.81,400.8896179,Ligation Product
872,14.82,445.0898743,Ligation Product
873,14.84,450.052063,Ligation Product
874,14.86,415.556488,Ligation Product
875,14.87,354.077179,Ligation Product
876,14.89,285.8954773,Ligation Product
877,14.91,233.7182922,Ligation Product
878,14.92,213.8097382,Ligation Product
879,14.94,226.157135,Ligation Product
880,14.96,255.3879395,Ligation Product
881,14.97,285.3857117,Ligation Product
882,14.99,311.2226563,Ligation Product
883,15.01,339.3734131,Ligation Product
884,15.02,376.1271973,Ligation Product
885,15.04,418.8614502,Ligation Product
886,15.06,461.1178894,Ligation Product
887,15.07,498.328125,Ligation Product
888,15.09,527.2352295,Ligation Product
889,15.11,542.8825073,Ligation Product
890,15.12,542.0211182,Ligation Product
891,15.14,526.715332,Ligation Product
892,15.16,502.9537964,Ligation Product
893,15.17,472.4381714,Ligation Product
894,15.19,431.1419373,Ligation Product
895,15.21,376.8182068,Ligation Product
896,15.22,317.9352417,Ligation Product
897,15.24,271.1838074,Ligation Product
898,15.26,248.6099854,Ligation Product
899,15.27,252.2395477,Ligation Product
900,15.29,275.5092468,Ligation Product
901,15.3,306.3261719,Ligation Product
902,15.32,332.0549622,Ligation Product
903,15.34,343.4149475,Ligation Product
904,15.35,335.2791748,Ligation Product
905,15.37,310.276123,Ligation Product
906,15.39,282.0837402,Ligation Product
907,15.4,270.647644,Ligation Product
908,15.42,289.3916931,Ligation Product
909,15.44,331.8787842,Ligation Product
910,15.45,374.8019104,Ligation Product
911,15.47,393.6835938,Ligation Product
912,15.49,380.5135193,Ligation Product
913,15.5,346.2646484,Ligation Product
914,15.52,304.3257751,Ligation Product
915,15.54,258.4820862,Ligation Product
916,15.55,208.01474,Ligation Product
917,15.57,158.6478424,Ligation Product
918,15.59,123.5713272,Ligation Product
919,15.6,114.4921036,Ligation Product
920,15.62,133.8347015,Ligation Product
921,15.64,176.6638336,Ligation Product
922,15.65,234.3700104,Ligation Product
923,15.67,297.0036621,Ligation Product
924,15.69,359.0599365,Ligation Product
925,15.7,419.36203,Ligation Product
926,15.72,474.3164978,Ligation Product
927,15.74,510.8721008,Ligation Product
928,15.75,515.9597778,Ligation Product
929,15.77,487.9197998,Ligation Product
930,15.79,441.2281189,Ligation Product
931,15.8,398.658844,Ligation Product
932,15.82,381.7016907,Ligation Product
933,15.84,398.6799927,Ligation Product
934,15.85,436.4919128,Ligation Product
935,15.87,465.4496155,Ligation Product
936,15.89,461.6292725,Ligation Product
937,15.9,423.4233093,Ligation Product
938,15.92,373.8611755,Ligation Product
939,15.94,343.0475159,Ligation Product
940,15.95,350.1546936,Ligation Product
941,15.97,393.7013855,Ligation Product
942,15.99,457.0628662,Ligation Product
943,16,520.2915039,Ligation Product
944,16.02,570.0754395,Ligation Product
945,16.04,598.7835083,Ligation Product
946,16.05,601.0164185,Ligation Product
947,16.07,570.8679199,Ligation Product
948,16.09,507.3995972,Ligation Product
949,16.1,422.7372131,Ligation Product
950,16.12,339.8050232,Ligation Product
951,16.14,275.739502,Ligation Product
952,16.15,235.2998657,Ligation Product
953,16.17,217.5154114,Ligation Product
954,16.18,226.8369904,Ligation Product
955,16.2,268.1447144,Ligation Product
956,16.22,332.3434448,Ligation Product
957,16.23,395.3633118,Ligation Product
958,16.25,435.7452698,Ligation Product
959,16.27,448.5239868,Ligation Product
960,16.28,438.8523254,Ligation Product
961,16.3,414.1840515,Ligation Product
962,16.32,384.331665,Ligation Product
963,16.33,364.750824,Ligation Product
964,16.35,367.0567627,Ligation Product
965,16.37,388.222229,Ligation Product
966,16.38,414.3319397,Ligation Product
967,16.4,434.9024963,Ligation Product
968,16.42,447.6444092,Ligation Product
969,16.43,452.1177673,Ligation Product
970,16.45,446.2416687,Ligation Product
971,16.47,432.8119812,Ligation Product
972,16.48,418.1308594,Ligation Product
973,16.5,405.4520264,Ligation Product
974,16.52,395.1869507,Ligation Product
975,16.53,390.6760864,Ligation Product
976,16.55,395.9924622,Ligation Product
977,16.57,407.434906,Ligation Product
978,16.58,410.2672729,Ligation Product
979,16.6,389.996582,Ligation Product
980,16.62,344.3244324,Ligation Product
981,16.63,285.7080688,Ligation Product
982,16.65,230.0294495,Ligation Product
983,16.67,190.2969818,Ligation Product
984,16.68,173.7490387,Ligation Product
985,16.7,180.1368408,Ligation Product
986,16.72,199.3071899,Ligation Product
987,16.73,216.9530487,Ligation Product
988,16.75,225.2137604,Ligation Product
989,16.77,228.8269653,Ligation Product
990,16.78,238.0631866,Ligation Product
991,16.8,255.7274475,Ligation Product
992,16.82,273.4739075,Ligation Product
993,16.83,283.2135925,Ligation Product
994,16.85,285.3449097,Ligation Product
995,16.87,284.6886292,Ligation Product
996,16.88,282.3882446,Ligation Product
997,16.9,277.0655518,Ligation Product
998,16.92,267.908905,Ligation Product
999,16.93,256.1985168,Ligation Product
1000,16.95,244.4737396,Ligation Product
1001,16.97,235.3432617,Ligation Product
1002,16.98,232.4806213,Ligation Product
1003,17,244.2420807,Ligation Product
1004,17.02,281.0203247,Ligation Product
1005,17.03,344.3037415,Ligation Product
1006,17.05,413.852478,Ligation Product
1007,17.06,453.7732849,Ligation Product
1008,17.08,436.8736572,Ligation Product
1009,17.1,368.3330688,Ligation Product
1010,17.11,281.209259,Ligation Product
1011,17.13,210.6637878,Ligation Product
1012,17.15,173.528183,Ligation Product
1013,17.16,167.1671143,Ligation Product
1014,17.18,179.7861328,Ligation Product
1015,17.2,199.8891754,Ligation Product
1016,17.21,221.980072,Ligation Product
1017,17.23,246.8078461,Ligation Product
1018,17.25,277.1915588,Ligation Product
1019,17.26,313.1465759,Ligation Product
1020,17.28,349.6495972,Ligation Product
1021,17.3,379.9860535,Ligation Product
1022,17.32,399.208374,Ligation Product
1023,17.34,405.8371277,Ligation Product
1024,17.35,398.6834412,Ligation Product
1025,17.37,377.1577148,Ligation Product
1026,17.39,344.3478699,Ligation Product
1027,17.4,305.2418518,Ligation Product
1028,17.42,264.9456787,Ligation Product
1029,17.44,231.1386871,Ligation Product
1030,17.45,218.229248,Ligation Product
1031,17.47,240.7923737,Ligation Product
1032,17.49,299.8873596,Ligation Product
1033,17.5,375.6167297,Ligation Product
1034,17.52,433.5335693,Ligation Product
1035,17.54,443.4997559,Ligation Product
1036,17.55,399.8089905,Ligation Product
1037,17.57,324.0865479,Ligation Product
1038,17.59,249.0051422,Ligation Product
1039,17.6,203.098175,Ligation Product
1040,17.62,200.6200867,Ligation Product
1041,17.64,240.0071564,Ligation Product
1042,17.65,305.8987427,Ligation Product
1043,17.67,371.9320068,Ligation Product
1044,17.69,411.8022156,Ligation Product
1045,17.7,411.7313232,Ligation Product
1046,17.72,379.8189087,Ligation Product
1047,17.74,339.6320496,Ligation Product
1048,17.75,314.46698,Ligation Product
1049,17.77,313.0430298,Ligation Product
1050,17.79,327.092865,Ligation Product
1051,17.8,339.4997559,Ligation Product
1052,17.82,338.710968,Ligation Product
1053,17.84,330.0762634,Ligation Product
1054,17.85,330.9102478,Ligation Product
1055,17.87,355.192627,Ligation Product
1056,17.88,394.9634399,Ligation Product
1057,17.9,426.675354,Ligation Product
1058,17.92,436.4625549,Ligation Product
1059,17.93,436.1018066,Ligation Product
1060,17.95,448.293396,Ligation Product
1061,17.97,477.0061951,Ligation Product
1062,17.98,502.3858948,Ligation Product
1063,18,508.0590515,Ligation Product
1064,18.02,508.3676758,Ligation Product
1065,18.03,538.9049072,Ligation Product
1066,18.05,625.6814575,Ligation Product
1067,18.07,759.880249,Ligation Product
1068,18.08,903.1953125,Ligation Product
1069,18.11,1017.1922,Ligation Product
1070,18.13,1086.185547,Ligation Product
1071,18.15,1127.18042,Ligation Product
1072,18.18,1162.808716,Ligation Product
1073,18.19,1198.338257,Ligation Product
1074,18.21,1218.974243,Ligation Product
1075,18.23,1205.787231,Ligation Product
1076,18.26,1148.18396,Ligation Product
1077,18.29,1046.293945,Ligation Product
1078,18.31,912.1380005,Ligation Product
1079,18.34,766.065918,Ligation Product
1080,18.37,630.5923462,Ligation Product
1081,18.4,521.3756714,Ligation Product
1082,18.42,445.7050476,Ligation Product
1083,18.45,402.5153198,Ligation Product
1084,18.48,386.8591309,Ligation Product
1085,18.5,392.3569946,Ligation Product
1086,18.53,404.8199463,Ligation Product
1087,18.56,412.6225586,Ligation Product
1088,18.59,410.8305969,Ligation Product
1089,18.62,401.2031555,Ligation Product
1090,18.64,384.2375793,Ligation Product
1091,18.67,357.4750366,Ligation Product
1092,18.7,322.1936646,Ligation Product
1093,18.73,287.1194153,Ligation Product
1094,18.76,264.8809814,Ligation Product
1095,18.78,262.4266968,Ligation Product
1096,18.81,276.0663147,Ligation Product
1097,18.84,295.302124,Ligation Product
1098,18.87,310.8955994,Ligation Product
1099,18.9,317.5831909,Ligation Product
1100,18.92,311.2177124,Ligation Product
1101,18.95,287.4726563,Ligation Product
1102,18.98,246.1275635,Ligation Product
1103,19.01,199.661438,Ligation Product
1104,19.04,169.9368286,Ligation Product
1105,19.07,174.110733,Ligation Product
1106,19.09,211.3803558,Ligation Product
1107,19.12,265.4706726,Ligation Product
1108,19.15,315.5314026,Ligation Product
1109,19.18,348.1289978,Ligation Product
1110,19.21,358.1158447,Ligation Product
1111,19.23,345.4124146,Ligation Product
1112,19.26,312.9222107,Ligation Product
1113,19.29,272.6935425,Ligation Product
1114,19.32,242.966568,Ligation Product
1115,19.35,234.4715881,Ligation Product
1116,19.37,240.4397125,Ligation Product
1117,19.4,245.6455383,Ligation Product
1118,19.43,242.5139313,Ligation Product
1119,19.46,235.4191437,Ligation Product
1120,19.49,232.5784149,Ligation Product
1121,19.51,237.8735962,Ligation Product
1122,19.54,248.8091888,Ligation Product
1123,19.57,261.1953735,Ligation Product
1124,19.6,271.2539978,Ligation Product
1125,19.63,281.2240601,Ligation Product
1126,19.66,301.7481689,Ligation Product
1127,19.68,348.4938354,Ligation Product
1128,19.71,424.834198,Ligation Product
1129,19.74,509.9023438,Ligation Product
1130,19.77,566.4060059,Ligation Product
1131,19.8,567.9541016,Ligation Product
1132,19.82,517.5825806,Ligation Product
1133,19.85,442.9090271,Ligation Product
1134,19.88,376.2176514,Ligation Product
1135,19.91,332.8400574,Ligation Product
1136,19.94,305.374176,Ligation Product
1137,19.96,277.5476379,Ligation Product
1138,19.99,241.1921539,Ligation Product
1139,20.01,201.1001892,Ligation Product
1140,20.03,167.7017517,Ligation Product
1141,20.04,150.3593292,Ligation Product
1142,20.07,152.276123,Ligation Product
1143,20.09,167.923645,Ligation Product
1144,20.12,183.9836578,Ligation Product
1145,20.14,187.3414001,Ligation Product
1146,20.16,176.1899261,Ligation Product
1147,20.19,165.942627,Ligation Product
1148,20.22,180.8619537,Ligation Product
1149,20.25,242.7065887,Ligation Product
1150,20.28,370.1604004,Ligation Product
1151,20.3,592.1335449,Ligation Product
1152,20.33,938.8782349,Ligation Product
1153,20.35,1406.764038,Ligation Product
1154,20.37,1921.643921,Ligation Product
1155,20.38,2353.925537,Ligation Product
1156,20.4,2590.154541,Ligation Product
1157,20.42,2610.069824,Ligation Product
1158,20.43,2500.469482,Ligation Product
1159,20.45,2398.914551,Ligation Product
1160,20.47,2404.581055,Ligation Product
1161,20.48,2514.02002,Ligation Product
1162,20.5,2638.594482,Ligation Product
1163,20.52,2680.659668,Ligation Product
1164,20.53,2610.218262,Ligation Product
1165,20.56,2478.436279,Ligation Product
1166,20.58,2365.094238,Ligation Product
1167,20.61,2326.486084,Ligation Product
1168,20.64,2365.556641,Ligation Product
1169,20.67,2441.590576,Ligation Product
1170,20.7,2498.715088,Ligation Product
1171,20.72,2494.939209,Ligation Product
1172,20.75,2414.817627,Ligation Product
1173,20.78,2261.441406,Ligation Product
1174,20.81,2041.988403,Ligation Product
1175,20.84,1771.575195,Ligation Product
1176,20.87,1486.546265,Ligation Product
1177,20.89,1236.401367,Ligation Product
1178,20.92,1058.592163,Ligation Product
1179,20.95,950.3276978,Ligation Product
1180,20.97,875.720459,Ligation Product
1181,20.98,800.2731934,Ligation Product
1182,21,711.1567993,Ligation Product
1183,21.02,612.8306274,Ligation Product
1184,21.04,513.4553223,Ligation Product
1185,21.06,427.117981,Ligation Product
1186,21.07,374.3206177,Ligation Product
1187,21.09,366.1876831,Ligation Product
1188,21.11,395.4539795,Ligation Product
1189,21.12,439.9872131,Ligation Product
1190,21.14,477.0678711,Ligation Product
1191,21.16,495.0307007,Ligation Product
1192,21.17,495.770874,Ligation Product
1193,21.19,487.8196411,Ligation Product
1194,21.21,476.5958557,Ligation Product
1195,21.22,463.6683044,Ligation Product
1196,21.24,450.682373,Ligation Product
1197,21.26,443.5658569,Ligation Product
1198,21.27,451.3088074,Ligation Product
1199,21.29,478.658783,Ligation Product
1200,21.31,520.4784546,Ligation Product
1201,21.32,561.2689209,Ligation Product
1202,21.34,584.0917969,Ligation Product
1203,21.36,579.8190918,Ligation Product
1204,21.37,551.1789551,Ligation Product
1205,21.39,509.208313,Ligation Product
1206,21.41,469.2813416,Ligation Product
1207,21.42,449.0108948,Ligation Product
1208,21.44,462.7362366,Ligation Product
1209,21.45,513.0618286,Ligation Product
1210,21.47,586.8261108,Ligation Product
1211,21.49,664.1183472,Ligation Product
1212,21.5,726.4384155,Ligation Product
1213,21.52,760.2678833,Ligation Product
1214,21.54,757.9052124,Ligation Product
1215,21.55,718.3564453,Ligation Product
1216,21.57,655.4049072,Ligation Product
1217,21.59,596.2492065,Ligation Product
1218,21.6,566.0334473,Ligation Product
1219,21.62,571.7850342,Ligation Product
1220,21.64,600.0893555,Ligation Product
1221,21.65,632.7212524,Ligation Product
1222,21.67,656.8602905,Ligation Product
1223,21.69,665.5772705,Ligation Product
1224,21.7,652.8886108,Ligation Product
1225,21.72,617.2103882,Ligation Product
1226,21.74,567.0224609,Ligation Product
1227,21.75,518.6584473,Ligation Product
1228,21.77,485.4542236,Ligation Product
1229,21.79,471.7713318,Ligation Product
1230,21.8,474.4389648,Ligation Product
1231,21.82,483.9022827,Ligation Product
1232,21.84,486.636261,Ligation Product
1233,21.85,470.7535095,Ligation Product
1234,21.87,432.7688599,Ligation Product
1235,21.89,379.277832,Ligation Product
1236,21.9,320.9322205,Ligation Product
1237,21.92,267.875885,Ligation Product
1238,21.94,227.8996887,Ligation Product
1239,21.95,206.851532,Ligation Product
1240,21.97,207.7874451,Ligation Product
1241,21.99,227.4902954,Ligation Product
1242,22,255.9625244,Ligation Product
1243,22.02,281.1651001,Ligation Product
1244,22.04,297.9515991,Ligation Product
1245,22.05,308.9318237,Ligation Product
1246,22.07,317.3197632,Ligation Product
1247,22.09,321.6277771,Ligation Product
1248,22.1,318.4284363,Ligation Product
1249,22.12,306.5369263,Ligation Product
1250,22.14,289.1347656,Ligation Product
1251,22.15,273.5125732,Ligation Product
1252,22.17,266.3208008,Ligation Product
1253,22.19,270.4413147,Ligation Product
1254,22.2,282.0576477,Ligation Product
1255,22.22,288.9953918,Ligation Product
1256,22.24,278.3440552,Ligation Product
1257,22.25,248.9239349,Ligation Product
1258,22.27,215.5748444,Ligation Product
1259,22.29,194.5456696,Ligation Product
1260,22.3,188.9102173,Ligation Product
1261,22.32,193.1602173,Ligation Product
1262,22.33,204.8635559,Ligation Product
1263,22.35,226.5178223,Ligation Product
1264,22.37,256.9209595,Ligation Product
1265,22.38,285.7836609,Ligation Product
1266,22.4,298.8121643,Ligation Product
1267,22.42,289.5588989,Ligation Product
1268,22.43,262.2894897,Ligation Product
1269,22.45,228.2451019,Ligation Product
1270,22.47,197.2840271,Ligation Product
1271,22.48,173.6324768,Ligation Product
1272,22.5,157.1429138,Ligation Product
1273,22.52,146.478241,Ligation Product
1274,22.53,141.6852875,Ligation Product
1275,22.55,142.0835114,Ligation Product
1276,22.57,143.2107086,Ligation Product
1277,22.58,139.4285126,Ligation Product
1278,22.6,128.6880035,Ligation Product
1279,22.62,116.4302826,Ligation Product
1280,22.63,113.9262772,Ligation Product
1281,22.65,131.6201324,Ligation Product
1282,22.67,170.7210388,Ligation Product
1283,22.68,220.5842896,Ligation Product
1284,22.7,264.5102844,Ligation Product
1285,22.72,289.173645,Ligation Product
1286,22.73,289.7141724,Ligation Product
1287,22.75,269.7719421,Ligation Product
1288,22.77,239.7816315,Ligation Product
1289,22.78,212.8665314,Ligation Product
1290,22.8,198.1388855,Ligation Product
1291,22.82,196.4864044,Ligation Product
1292,22.84,201.4082794,Ligation Product
1293,22.86,205.7534637,Ligation Product
1294,22.87,219,Ligation Product
1295,22.89,0,Ligation Product
1296,22.91,489.6160889,Ligation Product
1297,22.92,0,Ligation Product
1298,22.94,278.4134521,Ligation Product
1299,22.96,232.383194,Ligation Product
1300,22.97,504.4362183,Ligation Product
1301,22.99,225.1349487,Ligation Product